position,predictor
1,dx_A150
2,dx_A154
3,dx_A155
4,dx_A156
5,dx_A157
6,dx_A158
7,dx_A159
8,dx_A170
9,dx_A171
10,dx_A1781
11,dx_A1782
12,dx_A1789
13,dx_A179
14,dx_A1801
15,dx_A1802
16,dx_A1803
17,dx_A1809
18,dx_A1810
19,dx_A1811
20,dx_A1813
21,dx_A1817
22,dx_A1818
23,dx_A182
24,dx_A1831
25,dx_A1832
26,dx_A1839
27,dx_A184
28,dx_A1850
29,dx_A1851
30,dx_A1852
31,dx_A1853
32,dx_A1854
33,dx_A1859
34,dx_A186
35,dx_A1884
36,dx_A1885
37,dx_A1889
38,dx_A191
39,dx_A192
40,dx_A198
41,dx_A199
42,dx_A305
43,dx_A309
44,dx_A50
45,dx_A5001
46,dx_A5002
47,dx_A5004
48,dx_A5005
49,dx_A5006
50,dx_A5008
51,dx_A5009
52,dx_A501
53,dx_A502
54,dx_A5031
55,dx_A5040
56,dx_A5041
57,dx_A5044
58,dx_A5049
59,dx_A5051
60,dx_A5052
61,dx_A5057
62,dx_A5059
63,dx_A506
64,dx_A507
65,dx_A509
66,dx_A5145
67,dx_A5203
68,dx_A5209
69,dx_A5210
70,dx_A5211
71,dx_A5212
72,dx_A5216
73,dx_A5217
74,dx_A5219
75,dx_A522
76,dx_A523
77,dx_A5271
78,dx_A5273
79,dx_A5274
80,dx_A5275
81,dx_A5277
82,dx_A5279
83,dx_A528
84,dx_A530
85,dx_A539
86,dx_A5442
87,dx_A8030
88,dx_A8039
89,dx_A804
90,dx_A809
91,dx_A8100
92,dx_A8101
93,dx_A811
94,dx_A812
95,dx_A8182
96,dx_A8189
97,dx_A819
98,dx_A925
99,dx_B1001
100,dx_B1009
101,dx_B180
102,dx_B181
103,dx_B182
104,dx_B188
105,dx_B189
106,dx_B1910
107,dx_B1911
108,dx_B1920
109,dx_B1921
110,dx_B199
111,dx_B20
112,dx_B251
113,dx_B3321
114,dx_B376
115,dx_B900
116,dx_B909
117,dx_B91
118,dx_B9735
119,dx_C000
120,dx_C001
121,dx_C003
122,dx_C004
123,dx_C009
124,dx_C01
125,dx_C020
126,dx_C021
127,dx_C022
128,dx_C023
129,dx_C024
130,dx_C028
131,dx_C029
132,dx_C030
133,dx_C031
134,dx_C039
135,dx_C040
136,dx_C041
137,dx_C048
138,dx_C049
139,dx_C050
140,dx_C051
141,dx_C052
142,dx_C058
143,dx_C059
144,dx_C060
145,dx_C061
146,dx_C062
147,dx_C0689
148,dx_C069
149,dx_C07
150,dx_C080
151,dx_C081
152,dx_C089
153,dx_C091
154,dx_C098
155,dx_C099
156,dx_C100
157,dx_C101
158,dx_C102
159,dx_C103
160,dx_C108
161,dx_C109
162,dx_C110
163,dx_C111
164,dx_C112
165,dx_C113
166,dx_C118
167,dx_C119
168,dx_C12
169,dx_C130
170,dx_C131
171,dx_C132
172,dx_C138
173,dx_C139
174,dx_C140
175,dx_C142
176,dx_C148
177,dx_C155
178,dx_C158
179,dx_C159
180,dx_C160
181,dx_C161
182,dx_C162
183,dx_C163
184,dx_C168
185,dx_C169
186,dx_C170
187,dx_C171
188,dx_C172
189,dx_C173
190,dx_C179
191,dx_C180
192,dx_C181
193,dx_C182
194,dx_C183
195,dx_C184
196,dx_C185
197,dx_C186
198,dx_C187
199,dx_C188
200,dx_C189
201,dx_C19
202,dx_C20
203,dx_C210
204,dx_C211
205,dx_C218
206,dx_C220
207,dx_C221
208,dx_C222
209,dx_C223
210,dx_C224
211,dx_C227
212,dx_C228
213,dx_C229
214,dx_C23
215,dx_C240
216,dx_C241
217,dx_C248
218,dx_C249
219,dx_C250
220,dx_C251
221,dx_C252
222,dx_C254
223,dx_C257
224,dx_C258
225,dx_C259
226,dx_C260
227,dx_C261
228,dx_C269
229,dx_C30
230,dx_C300
231,dx_C301
232,dx_C310
233,dx_C311
234,dx_C312
235,dx_C313
236,dx_C318
237,dx_C319
238,dx_C320
239,dx_C321
240,dx_C323
241,dx_C329
242,dx_C33
243,dx_C3400
244,dx_C3401
245,dx_C3402
246,dx_C3410
247,dx_C3411
248,dx_C3412
249,dx_C342
250,dx_C3430
251,dx_C3431
252,dx_C3432
253,dx_C3480
254,dx_C3481
255,dx_C3482
256,dx_C3490
257,dx_C3491
258,dx_C3492
259,dx_C37
260,dx_C380
261,dx_C381
262,dx_C382
263,dx_C383
264,dx_C384
265,dx_C388
266,dx_C399
267,dx_C4000
268,dx_C4001
269,dx_C4002
270,dx_C401
271,dx_C4010
272,dx_C4011
273,dx_C4012
274,dx_C4020
275,dx_C4021
276,dx_C4022
277,dx_C4030
278,dx_C4031
279,dx_C4032
280,dx_C4080
281,dx_C4081
282,dx_C4082
283,dx_C4090
284,dx_C4091
285,dx_C4092
286,dx_C410
287,dx_C411
288,dx_C412
289,dx_C413
290,dx_C414
291,dx_C419
292,dx_C43112
293,dx_C4320
294,dx_C4321
295,dx_C4322
296,dx_C4330
297,dx_C4339
298,dx_C434
299,dx_C435
300,dx_C4359
301,dx_C4360
302,dx_C4361
303,dx_C4362
304,dx_C4370
305,dx_C4371
306,dx_C4372
307,dx_C438
308,dx_C439
309,dx_C4400
310,dx_C4401
311,dx_C44102
312,dx_C441022
313,dx_C441121
314,dx_C441122
315,dx_C441191
316,dx_C441192
317,dx_C441292
318,dx_C441991
319,dx_C44201
320,dx_C44202
321,dx_C44209
322,dx_C44211
323,dx_C44212
324,dx_C44222
325,dx_C44229
326,dx_C44291
327,dx_C44292
328,dx_C44299
329,dx_C44300
330,dx_C44301
331,dx_C44309
332,dx_C44310
333,dx_C44311
334,dx_C44319
335,dx_C44329
336,dx_C44390
337,dx_C44391
338,dx_C44399
339,dx_C4440
340,dx_C4441
341,dx_C4442
342,dx_C4449
343,dx_C44500
344,dx_C44509
345,dx_C44511
346,dx_C44519
347,dx_C44520
348,dx_C44529
349,dx_C44590
350,dx_C44591
351,dx_C44599
352,dx_C44601
353,dx_C44602
354,dx_C44611
355,dx_C44612
356,dx_C44619
357,dx_C44622
358,dx_C44629
359,dx_C44691
360,dx_C44692
361,dx_C44699
362,dx_C44702
363,dx_C44709
364,dx_C44711
365,dx_C44712
366,dx_C44719
367,dx_C44722
368,dx_C44792
369,dx_C44799
370,dx_C4481
371,dx_C4489
372,dx_C449
373,dx_C4490
374,dx_C4491
375,dx_C4492
376,dx_C4499
377,dx_C451
378,dx_C457
379,dx_C459
380,dx_C461
381,dx_C462
382,dx_C463
383,dx_C464
384,dx_C4650
385,dx_C4652
386,dx_C467
387,dx_C469
388,dx_C470
389,dx_C4710
390,dx_C4711
391,dx_C4712
392,dx_C4720
393,dx_C4721
394,dx_C4722
395,dx_C473
396,dx_C474
397,dx_C475
398,dx_C476
399,dx_C478
400,dx_C479
401,dx_C480
402,dx_C481
403,dx_C482
404,dx_C488
405,dx_C49
406,dx_C490
407,dx_C4910
408,dx_C4911
409,dx_C4912
410,dx_C4920
411,dx_C4921
412,dx_C4922
413,dx_C493
414,dx_C494
415,dx_C495
416,dx_C496
417,dx_C498
418,dx_C499
419,dx_C49A0
420,dx_C49A2
421,dx_C49A4
422,dx_C49A9
423,dx_C4A60
424,dx_C50011
425,dx_C50012
426,dx_C50111
427,dx_C50119
428,dx_C50211
429,dx_C50212
430,dx_C50411
431,dx_C50412
432,dx_C50611
433,dx_C50811
434,dx_C50911
435,dx_C50912
436,dx_C50919
437,dx_C50921
438,dx_C50929
439,dx_C510
440,dx_C511
441,dx_C518
442,dx_C519
443,dx_C52
444,dx_C530
445,dx_C531
446,dx_C538
447,dx_C539
448,dx_C541
449,dx_C542
450,dx_C543
451,dx_C548
452,dx_C549
453,dx_C55
454,dx_C561
455,dx_C562
456,dx_C563
457,dx_C569
458,dx_C5700
459,dx_C5701
460,dx_C5702
461,dx_C5710
462,dx_C5720
463,dx_C574
464,dx_C577
465,dx_C578
466,dx_C579
467,dx_C58
468,dx_C602
469,dx_C609
470,dx_C61
471,dx_C6200
472,dx_C6201
473,dx_C6202
474,dx_C6210
475,dx_C6211
476,dx_C6212
477,dx_C6290
478,dx_C6291
479,dx_C6292
480,dx_C6302
481,dx_C6310
482,dx_C6311
483,dx_C6312
484,dx_C632
485,dx_C637
486,dx_C638
487,dx_C639
488,dx_C64
489,dx_C641
490,dx_C642
491,dx_C649
492,dx_C651
493,dx_C652
494,dx_C659
495,dx_C661
496,dx_C662
497,dx_C669
498,dx_C670
499,dx_C671
500,dx_C672
501,dx_C673
502,dx_C674
503,dx_C675
504,dx_C676
505,dx_C677
506,dx_C678
507,dx_C679
508,dx_C680
509,dx_C689
510,dx_C6900
511,dx_C6901
512,dx_C6902
513,dx_C6910
514,dx_C6911
515,dx_C6912
516,dx_C6920
517,dx_C6921
518,dx_C6922
519,dx_C6930
520,dx_C6931
521,dx_C6932
522,dx_C6940
523,dx_C6941
524,dx_C6942
525,dx_C6950
526,dx_C6951
527,dx_C6960
528,dx_C6961
529,dx_C6962
530,dx_C6981
531,dx_C6990
532,dx_C6991
533,dx_C6992
534,dx_C700
535,dx_C701
536,dx_C709
537,dx_C71
538,dx_C710
539,dx_C711
540,dx_C712
541,dx_C713
542,dx_C714
543,dx_C715
544,dx_C716
545,dx_C717
546,dx_C718
547,dx_C719
548,dx_C720
549,dx_C721
550,dx_C7220
551,dx_C7221
552,dx_C7222
553,dx_C7230
554,dx_C7231
555,dx_C7232
556,dx_C7240
557,dx_C7241
558,dx_C7242
559,dx_C7250
560,dx_C7259
561,dx_C729
562,dx_C73
563,dx_C7400
564,dx_C7401
565,dx_C7402
566,dx_C7410
567,dx_C7411
568,dx_C7412
569,dx_C7490
570,dx_C7491
571,dx_C7492
572,dx_C750
573,dx_C751
574,dx_C752
575,dx_C753
576,dx_C754
577,dx_C755
578,dx_C758
579,dx_C759
580,dx_C760
581,dx_C761
582,dx_C762
583,dx_C763
584,dx_C7640
585,dx_C7641
586,dx_C7642
587,dx_C7650
588,dx_C7651
589,dx_C7652
590,dx_C768
591,dx_C770
592,dx_C771
593,dx_C772
594,dx_C773
595,dx_C774
596,dx_C775
597,dx_C778
598,dx_C779
599,dx_C7800
600,dx_C7801
601,dx_C7802
602,dx_C781
603,dx_C782
604,dx_C7830
605,dx_C7839
606,dx_C784
607,dx_C785
608,dx_C786
609,dx_C787
610,dx_C7880
611,dx_C7889
612,dx_C7900
613,dx_C7901
614,dx_C7902
615,dx_C7910
616,dx_C7911
617,dx_C7919
618,dx_C792
619,dx_C7931
620,dx_C7932
621,dx_C7940
622,dx_C7949
623,dx_C795
624,dx_C7951
625,dx_C7952
626,dx_C7960
627,dx_C7961
628,dx_C7962
629,dx_C7963
630,dx_C7970
631,dx_C7971
632,dx_C7972
633,dx_C7981
634,dx_C7982
635,dx_C7989
636,dx_C799
637,dx_C7A00
638,dx_C7A010
639,dx_C7A020
640,dx_C7A022
641,dx_C7A026
642,dx_C7A090
643,dx_C7A093
644,dx_C7A098
645,dx_C7A1
646,dx_C7A8
647,dx_C7B00
648,dx_C7B01
649,dx_C7B02
650,dx_C7B04
651,dx_C7B09
652,dx_C7B8
653,dx_C800
654,dx_C801
655,dx_C802
656,dx_C81
657,dx_C8100
658,dx_C8101
659,dx_C8102
660,dx_C8103
661,dx_C8104
662,dx_C8105
663,dx_C8106
664,dx_C8107
665,dx_C8108
666,dx_C8109
667,dx_C810A
668,dx_C8110
669,dx_C8111
670,dx_C8112
671,dx_C8113
672,dx_C8114
673,dx_C8115
674,dx_C8116
675,dx_C8117
676,dx_C8118
677,dx_C8119
678,dx_C811A
679,dx_C8120
680,dx_C8121
681,dx_C8122
682,dx_C8123
683,dx_C8124
684,dx_C8126
685,dx_C8127
686,dx_C8128
687,dx_C8129
688,dx_C812A
689,dx_C8130
690,dx_C8131
691,dx_C8132
692,dx_C8133
693,dx_C8134
694,dx_C8138
695,dx_C8140
696,dx_C8141
697,dx_C8142
698,dx_C8143
699,dx_C8144
700,dx_C8145
701,dx_C8148
702,dx_C8149
703,dx_C814A
704,dx_C8170
705,dx_C8171
706,dx_C8172
707,dx_C8173
708,dx_C8174
709,dx_C8175
710,dx_C8176
711,dx_C8177
712,dx_C8178
713,dx_C8179
714,dx_C817A
715,dx_C819
716,dx_C8190
717,dx_C8191
718,dx_C8192
719,dx_C8193
720,dx_C8194
721,dx_C8195
722,dx_C8196
723,dx_C8197
724,dx_C8198
725,dx_C8199
726,dx_C819A
727,dx_C8200
728,dx_C8201
729,dx_C8210
730,dx_C8211
731,dx_C8212
732,dx_C8215
733,dx_C8218
734,dx_C8219
735,dx_C8231
736,dx_C8235
737,dx_C8240
738,dx_C8241
739,dx_C8249
740,dx_C8250
741,dx_C8251
742,dx_C8252
743,dx_C8258
744,dx_C8260
745,dx_C8261
746,dx_C8265
747,dx_C8280
748,dx_C8281
749,dx_C8284
750,dx_C8288
751,dx_C8290
752,dx_C8291
753,dx_C8293
754,dx_C8294
755,dx_C8295
756,dx_C8298
757,dx_C8299
758,dx_C829A
759,dx_C8300
760,dx_C8301
761,dx_C8302
762,dx_C8303
763,dx_C8305
764,dx_C8308
765,dx_C8309
766,dx_C8310
767,dx_C8311
768,dx_C8313
769,dx_C8316
770,dx_C8330
771,dx_C8331
772,dx_C8332
773,dx_C8333
774,dx_C8334
775,dx_C8335
776,dx_C8336
777,dx_C8337
778,dx_C8338
779,dx_C8339
780,dx_C83390
781,dx_C83398
782,dx_C833A
783,dx_C835
784,dx_C8350
785,dx_C8351
786,dx_C8352
787,dx_C8353
788,dx_C8354
789,dx_C8355
790,dx_C8356
791,dx_C8357
792,dx_C8358
793,dx_C8359
794,dx_C835A
795,dx_C8370
796,dx_C8371
797,dx_C8372
798,dx_C8373
799,dx_C8374
800,dx_C8375
801,dx_C8376
802,dx_C8377
803,dx_C8378
804,dx_C8379
805,dx_C837A
806,dx_C8380
807,dx_C8381
808,dx_C8382
809,dx_C8383
810,dx_C8385
811,dx_C8388
812,dx_C8389
813,dx_C8390
814,dx_C8392
815,dx_C8400
816,dx_C8401
817,dx_C8404
818,dx_C8405
819,dx_C8408
820,dx_C8409
821,dx_C840A
822,dx_C8410
823,dx_C8411
824,dx_C8413
825,dx_C8417
826,dx_C8418
827,dx_C8419
828,dx_C841A
829,dx_C8440
830,dx_C8441
831,dx_C8442
832,dx_C8443
833,dx_C8444
834,dx_C8445
835,dx_C8446
836,dx_C8447
837,dx_C8448
838,dx_C8449
839,dx_C844A
840,dx_C8460
841,dx_C8461
842,dx_C8462
843,dx_C8463
844,dx_C8464
845,dx_C8465
846,dx_C8466
847,dx_C8467
848,dx_C8468
849,dx_C8469
850,dx_C846A
851,dx_C8470
852,dx_C8471
853,dx_C8472
854,dx_C8473
855,dx_C8474
856,dx_C8475
857,dx_C8478
858,dx_C8479
859,dx_C847B
860,dx_C8490
861,dx_C8491
862,dx_C8492
863,dx_C8494
864,dx_C8496
865,dx_C8498
866,dx_C8499
867,dx_C849A
868,dx_C84A0
869,dx_C84A1
870,dx_C84A2
871,dx_C84A3
872,dx_C84A4
873,dx_C84A5
874,dx_C84A8
875,dx_C84A9
876,dx_C84AA
877,dx_C84Z0
878,dx_C84Z1
879,dx_C84Z2
880,dx_C84Z3
881,dx_C84Z8
882,dx_C84Z9
883,dx_C851
884,dx_C8510
885,dx_C8511
886,dx_C8512
887,dx_C8513
888,dx_C8514
889,dx_C8515
890,dx_C8516
891,dx_C8517
892,dx_C8518
893,dx_C8519
894,dx_C851A
895,dx_C8520
896,dx_C8521
897,dx_C8522
898,dx_C8523
899,dx_C8524
900,dx_C8528
901,dx_C8529
902,dx_C852A
903,dx_C8580
904,dx_C8581
905,dx_C8582
906,dx_C8583
907,dx_C8584
908,dx_C8585
909,dx_C8586
910,dx_C8587
911,dx_C8588
912,dx_C8589
913,dx_C858A
914,dx_C859
915,dx_C8590
916,dx_C8591
917,dx_C8592
918,dx_C8593
919,dx_C8594
920,dx_C8595
921,dx_C8596
922,dx_C8598
923,dx_C8599
924,dx_C859A
925,dx_C860
926,dx_C8600
927,dx_C8601
928,dx_C861
929,dx_C8610
930,dx_C8611
931,dx_C862
932,dx_C8620
933,dx_C863
934,dx_C8630
935,dx_C864
936,dx_C8640
937,dx_C8641
938,dx_C865
939,dx_C8650
940,dx_C8651
941,dx_C866
942,dx_C8660
943,dx_C8661
944,dx_C880
945,dx_C8800
946,dx_C882
947,dx_C8820
948,dx_C884
949,dx_C8840
950,dx_C8841
951,dx_C888
952,dx_C889
953,dx_C8890
954,dx_C9000
955,dx_C9001
956,dx_C9002
957,dx_C9010
958,dx_C9011
959,dx_C9020
960,dx_C9022
961,dx_C9030
962,dx_C91
963,dx_C910
964,dx_C9100
965,dx_C9101
966,dx_C9102
967,dx_C911
968,dx_C9110
969,dx_C9111
970,dx_C9112
971,dx_C9130
972,dx_C9131
973,dx_C9132
974,dx_C9140
975,dx_C9141
976,dx_C9150
977,dx_C9151
978,dx_C9152
979,dx_C9160
980,dx_C9161
981,dx_C9162
982,dx_C9190
983,dx_C9191
984,dx_C9192
985,dx_C91A0
986,dx_C91A1
987,dx_C91A2
988,dx_C91Z0
989,dx_C91Z1
990,dx_C91Z2
991,dx_C92
992,dx_C920
993,dx_C9200
994,dx_C9201
995,dx_C9202
996,dx_C9210
997,dx_C9211
998,dx_C9212
999,dx_C9220
1000,dx_C9221
1001,dx_C9222
1002,dx_C9230
1003,dx_C9231
1004,dx_C9232
1005,dx_C9240
1006,dx_C9241
1007,dx_C9242
1008,dx_C9250
1009,dx_C9251
1010,dx_C9252
1011,dx_C9260
1012,dx_C9261
1013,dx_C9262
1014,dx_C9290
1015,dx_C9291
1016,dx_C9292
1017,dx_C92A0
1018,dx_C92A1
1019,dx_C92A2
1020,dx_C92Z0
1021,dx_C92Z1
1022,dx_C92Z2
1023,dx_C9300
1024,dx_C9301
1025,dx_C9302
1026,dx_C9310
1027,dx_C9311
1028,dx_C9330
1029,dx_C9331
1030,dx_C9332
1031,dx_C9390
1032,dx_C9391
1033,dx_C93Z0
1034,dx_C9400
1035,dx_C9401
1036,dx_C9402
1037,dx_C9420
1038,dx_C9421
1039,dx_C9422
1040,dx_C9440
1041,dx_C946
1042,dx_C9480
1043,dx_C9481
1044,dx_C9482
1045,dx_C95
1046,dx_C950
1047,dx_C9500
1048,dx_C9501
1049,dx_C9502
1050,dx_C9510
1051,dx_C9511
1052,dx_C959
1053,dx_C9590
1054,dx_C9591
1055,dx_C9592
1056,dx_C960
1057,dx_C962
1058,dx_C9620
1059,dx_C9621
1060,dx_C9622
1061,dx_C9629
1062,dx_C964
1063,dx_C965
1064,dx_C966
1065,dx_C969
1066,dx_C96A
1067,dx_C96Z
1068,dx_D0003
1069,dx_D0007
1070,dx_D0008
1071,dx_D002
1072,dx_D010
1073,dx_D012
1074,dx_D013
1075,dx_D0140
1076,dx_D015
1077,dx_D020
1078,dx_D0220
1079,dx_D0221
1080,dx_D030
1081,dx_D0321
1082,dx_D0322
1083,dx_D0339
1084,dx_D034
1085,dx_D0359
1086,dx_D0361
1087,dx_D0362
1088,dx_D0371
1089,dx_D0372
1090,dx_D038
1091,dx_D039
1092,dx_D040
1093,dx_D044
1094,dx_D045
1095,dx_D0471
1096,dx_D048
1097,dx_D049
1098,dx_D0510
1099,dx_D0511
1100,dx_D0591
1101,dx_D069
1102,dx_D070
1103,dx_D071
1104,dx_D0739
1105,dx_D074
1106,dx_D0760
1107,dx_D0761
1108,dx_D0769
1109,dx_D0910
1110,dx_D0919
1111,dx_D0920
1112,dx_D093
1113,dx_D098
1114,dx_D099
1115,dx_D1391
1116,dx_D1399
1117,dx_D3701
1118,dx_D3702
1119,dx_D37030
1120,dx_D37032
1121,dx_D37039
1122,dx_D3705
1123,dx_D3709
1124,dx_D371
1125,dx_D372
1126,dx_D373
1127,dx_D374
1128,dx_D375
1129,dx_D376
1130,dx_D378
1131,dx_D379
1132,dx_D380
1133,dx_D381
1134,dx_D382
1135,dx_D383
1136,dx_D384
1137,dx_D385
1138,dx_D386
1139,dx_D390
1140,dx_D3910
1141,dx_D3911
1142,dx_D3912
1143,dx_D392
1144,dx_D398
1145,dx_D399
1146,dx_D3A00
1147,dx_D3A010
1148,dx_D3A020
1149,dx_D3A026
1150,dx_D3A029
1151,dx_D3A090
1152,dx_D3A091
1153,dx_D3A093
1154,dx_D3A095
1155,dx_D3A098
1156,dx_D4010
1157,dx_D4011
1158,dx_D4012
1159,dx_D408
1160,dx_D409
1161,dx_D4100
1162,dx_D4101
1163,dx_D4102
1164,dx_D4112
1165,dx_D4120
1166,dx_D4122
1167,dx_D414
1168,dx_D418
1169,dx_D419
1170,dx_D420
1171,dx_D421
1172,dx_D429
1173,dx_D430
1174,dx_D431
1175,dx_D432
1176,dx_D433
1177,dx_D434
1178,dx_D438
1179,dx_D439
1180,dx_D440
1181,dx_D4410
1182,dx_D4411
1183,dx_D4412
1184,dx_D442
1185,dx_D443
1186,dx_D444
1187,dx_D445
1188,dx_D446
1189,dx_D447
1190,dx_D449
1191,dx_D45
1192,dx_D460
1193,dx_D461
1194,dx_D4620
1195,dx_D4621
1196,dx_D4622
1197,dx_D464
1198,dx_D469
1199,dx_D46A
1200,dx_D46B
1201,dx_D46C
1202,dx_D46Z
1203,dx_D470
1204,dx_D4701
1205,dx_D4702
1206,dx_D4709
1207,dx_D471
1208,dx_D472
1209,dx_D473
1210,dx_D474
1211,dx_D479
1212,dx_D47Z1
1213,dx_D47Z2
1214,dx_D47Z9
1215,dx_D480
1216,dx_D481
1217,dx_D48110
1218,dx_D48111
1219,dx_D48112
1220,dx_D48113
1221,dx_D48114
1222,dx_D48115
1223,dx_D48116
1224,dx_D48117
1225,dx_D48118
1226,dx_D48119
1227,dx_D4819
1228,dx_D482
1229,dx_D483
1230,dx_D484
1231,dx_D485
1232,dx_D4860
1233,dx_D4861
1234,dx_D4862
1235,dx_D487
1236,dx_D489
1237,dx_D490
1238,dx_D491
1239,dx_D492
1240,dx_D493
1241,dx_D494
1242,dx_D495
1243,dx_D49511
1244,dx_D49512
1245,dx_D49519
1246,dx_D4959
1247,dx_D496
1248,dx_D497
1249,dx_D4981
1250,dx_D4989
1251,dx_D499
1252,dx_D500
1253,dx_D501
1254,dx_D508
1255,dx_D509
1256,dx_D510
1257,dx_D511
1258,dx_D512
1259,dx_D513
1260,dx_D518
1261,dx_D519
1262,dx_D520
1263,dx_D521
1264,dx_D528
1265,dx_D529
1266,dx_D530
1267,dx_D531
1268,dx_D532
1269,dx_D538
1270,dx_D539
1271,dx_D550
1272,dx_D551
1273,dx_D552
1274,dx_D5521
1275,dx_D5529
1276,dx_D553
1277,dx_D558
1278,dx_D559
1279,dx_D560
1280,dx_D561
1281,dx_D562
1282,dx_D563
1283,dx_D564
1284,dx_D565
1285,dx_D568
1286,dx_D569
1287,dx_D570
1288,dx_D5700
1289,dx_D5701
1290,dx_D5702
1291,dx_D5703
1292,dx_D5704
1293,dx_D5709
1294,dx_D571
1295,dx_D572
1296,dx_D5720
1297,dx_D5721
1298,dx_D57211
1299,dx_D57212
1300,dx_D57213
1301,dx_D57214
1302,dx_D57218
1303,dx_D57219
1304,dx_D573
1305,dx_D5740
1306,dx_D57411
1307,dx_D57412
1308,dx_D57413
1309,dx_D57418
1310,dx_D57419
1311,dx_D5742
1312,dx_D57431
1313,dx_D57432
1314,dx_D57433
1315,dx_D57434
1316,dx_D57438
1317,dx_D57439
1318,dx_D5744
1319,dx_D57451
1320,dx_D57452
1321,dx_D57453
1322,dx_D57458
1323,dx_D57459
1324,dx_D578
1325,dx_D5780
1326,dx_D57811
1327,dx_D57812
1328,dx_D57813
1329,dx_D57814
1330,dx_D57818
1331,dx_D57819
1332,dx_D580
1333,dx_D581
1334,dx_D582
1335,dx_D588
1336,dx_D589
1337,dx_D5910
1338,dx_D5911
1339,dx_D5913
1340,dx_D5919
1341,dx_D5932
1342,dx_D594
1343,dx_D599
1344,dx_D600
1345,dx_D601
1346,dx_D608
1347,dx_D609
1348,dx_D6101
1349,dx_D6102
1350,dx_D6103
1351,dx_D6109
1352,dx_D611
1353,dx_D612
1354,dx_D613
1355,dx_D61810
1356,dx_D61811
1357,dx_D61818
1358,dx_D6182
1359,dx_D6189
1360,dx_D619
1361,dx_D630
1362,dx_D631
1363,dx_D638
1364,dx_D640
1365,dx_D641
1366,dx_D642
1367,dx_D643
1368,dx_D644
1369,dx_D6489
1370,dx_D649
1371,dx_D65
1372,dx_D66
1373,dx_D67
1374,dx_D680
1375,dx_D6800
1376,dx_D6801
1377,dx_D68020
1378,dx_D68021
1379,dx_D68022
1380,dx_D68023
1381,dx_D68029
1382,dx_D6803
1383,dx_D6804
1384,dx_D6809
1385,dx_D681
1386,dx_D682
1387,dx_D68311
1388,dx_D68312
1389,dx_D68318
1390,dx_D6832
1391,dx_D684
1392,dx_D6851
1393,dx_D6852
1394,dx_D6859
1395,dx_D6861
1396,dx_D6862
1397,dx_D688
1398,dx_D689
1399,dx_D691
1400,dx_D693
1401,dx_D6941
1402,dx_D6942
1403,dx_D6949
1404,dx_D6951
1405,dx_D6959
1406,dx_D696
1407,dx_D698
1408,dx_D699
1409,dx_D700
1410,dx_D704
1411,dx_D71
1412,dx_D711
1413,dx_D718
1414,dx_D719
1415,dx_D720
1416,dx_D7581
1417,dx_D7582
1418,dx_D75821
1419,dx_D75822
1420,dx_D75828
1421,dx_D75829
1422,dx_D7584
1423,dx_D7589
1424,dx_D75A
1425,dx_D761
1426,dx_D762
1427,dx_D763
1428,dx_D800
1429,dx_D801
1430,dx_D802
1431,dx_D803
1432,dx_D804
1433,dx_D805
1434,dx_D806
1435,dx_D807
1436,dx_D808
1437,dx_D809
1438,dx_D810
1439,dx_D811
1440,dx_D812
1441,dx_D813
1442,dx_D8130
1443,dx_D8131
1444,dx_D8132
1445,dx_D8139
1446,dx_D814
1447,dx_D815
1448,dx_D816
1449,dx_D817
1450,dx_D81810
1451,dx_D81818
1452,dx_D81819
1453,dx_D8182
1454,dx_D8189
1455,dx_D819
1456,dx_D820
1457,dx_D821
1458,dx_D822
1459,dx_D823
1460,dx_D824
1461,dx_D828
1462,dx_D829
1463,dx_D830
1464,dx_D831
1465,dx_D832
1466,dx_D838
1467,dx_D839
1468,dx_D840
1469,dx_D841
1470,dx_D848
1471,dx_D8481
1472,dx_D84821
1473,dx_D84822
1474,dx_D8489
1475,dx_D849
1476,dx_D860
1477,dx_D861
1478,dx_D862
1479,dx_D863
1480,dx_D8681
1481,dx_D8682
1482,dx_D8683
1483,dx_D8684
1484,dx_D8685
1485,dx_D8686
1486,dx_D8687
1487,dx_D8689
1488,dx_D869
1489,dx_D890
1490,dx_D891
1491,dx_D892
1492,dx_D893
1493,dx_D8941
1494,dx_D8942
1495,dx_D8943
1496,dx_D89810
1497,dx_D89811
1498,dx_D89812
1499,dx_D89813
1500,dx_D8982
1501,dx_D8984
1502,dx_D8989
1503,dx_D899
1504,dx_E000
1505,dx_E001
1506,dx_E002
1507,dx_E009
1508,dx_E010
1509,dx_E011
1510,dx_E012
1511,dx_E018
1512,dx_E02
1513,dx_E030
1514,dx_E031
1515,dx_E032
1516,dx_E033
1517,dx_E034
1518,dx_E035
1519,dx_E038
1520,dx_E039
1521,dx_E040
1522,dx_E041
1523,dx_E042
1524,dx_E048
1525,dx_E049
1526,dx_E0500
1527,dx_E0501
1528,dx_E0510
1529,dx_E0511
1530,dx_E0520
1531,dx_E0521
1532,dx_E0530
1533,dx_E0531
1534,dx_E0540
1535,dx_E0541
1536,dx_E0580
1537,dx_E0581
1538,dx_E0590
1539,dx_E0591
1540,dx_E060
1541,dx_E061
1542,dx_E062
1543,dx_E063
1544,dx_E064
1545,dx_E065
1546,dx_E069
1547,dx_E070
1548,dx_E071
1549,dx_E0789
1550,dx_E079
1551,dx_E08
1552,dx_E0800
1553,dx_E0801
1554,dx_E0810
1555,dx_E0811
1556,dx_E0821
1557,dx_E0822
1558,dx_E0829
1559,dx_E08311
1560,dx_E08319
1561,dx_E083499
1562,dx_E083552
1563,dx_E0836
1564,dx_E0839
1565,dx_E0840
1566,dx_E0842
1567,dx_E0843
1568,dx_E0844
1569,dx_E0849
1570,dx_E08621
1571,dx_E08649
1572,dx_E0865
1573,dx_E0869
1574,dx_E088
1575,dx_E089
1576,dx_E0900
1577,dx_E0910
1578,dx_E0921
1579,dx_E0922
1580,dx_E09319
1581,dx_E0936
1582,dx_E0939
1583,dx_E0940
1584,dx_E0942
1585,dx_E0943
1586,dx_E09621
1587,dx_E09622
1588,dx_E09628
1589,dx_E09649
1590,dx_E0965
1591,dx_E0969
1592,dx_E098
1593,dx_E099
1594,dx_E101
1595,dx_E1010
1596,dx_E1011
1597,dx_E1021
1598,dx_E1022
1599,dx_E1029
1600,dx_E10311
1601,dx_E10319
1602,dx_E103213
1603,dx_E103219
1604,dx_E103291
1605,dx_E103292
1606,dx_E103293
1607,dx_E103299
1608,dx_E103391
1609,dx_E103393
1610,dx_E103399
1611,dx_E103512
1612,dx_E103513
1613,dx_E103522
1614,dx_E103592
1615,dx_E103593
1616,dx_E103599
1617,dx_E1036
1618,dx_E1037X9
1619,dx_E1039
1620,dx_E1040
1621,dx_E1041
1622,dx_E1042
1623,dx_E1043
1624,dx_E1044
1625,dx_E1049
1626,dx_E1051
1627,dx_E1052
1628,dx_E1059
1629,dx_E10610
1630,dx_E10618
1631,dx_E10620
1632,dx_E10621
1633,dx_E10622
1634,dx_E10628
1635,dx_E10630
1636,dx_E10638
1637,dx_E1064
1638,dx_E10641
1639,dx_E10649
1640,dx_E1065
1641,dx_E1069
1642,dx_E108
1643,dx_E109
1644,dx_E10A0
1645,dx_E10A1
1646,dx_E10A2
1647,dx_E11
1648,dx_E110
1649,dx_E1100
1650,dx_E1101
1651,dx_E1110
1652,dx_E1111
1653,dx_E1121
1654,dx_E1122
1655,dx_E1129
1656,dx_E11311
1657,dx_E11319
1658,dx_E113219
1659,dx_E113292
1660,dx_E113293
1661,dx_E113299
1662,dx_E113393
1663,dx_E113493
1664,dx_E113499
1665,dx_E113519
1666,dx_E113591
1667,dx_E113592
1668,dx_E113593
1669,dx_E113599
1670,dx_E1136
1671,dx_E1137X3
1672,dx_E1139
1673,dx_E1140
1674,dx_E1141
1675,dx_E1142
1676,dx_E1143
1677,dx_E1144
1678,dx_E1149
1679,dx_E1151
1680,dx_E1152
1681,dx_E1159
1682,dx_E11610
1683,dx_E11620
1684,dx_E11621
1685,dx_E11622
1686,dx_E11628
1687,dx_E11630
1688,dx_E11638
1689,dx_E1164
1690,dx_E11641
1691,dx_E11649
1692,dx_E1165
1693,dx_E1169
1694,dx_E118
1695,dx_E119
1696,dx_E11A
1697,dx_E1300
1698,dx_E1301
1699,dx_E1310
1700,dx_E1311
1701,dx_E1321
1702,dx_E1322
1703,dx_E1329
1704,dx_E13319
1705,dx_E1336
1706,dx_E1339
1707,dx_E1340
1708,dx_E1342
1709,dx_E1343
1710,dx_E1349
1711,dx_E1351
1712,dx_E1352
1713,dx_E1359
1714,dx_E13620
1715,dx_E13621
1716,dx_E13628
1717,dx_E13649
1718,dx_E1365
1719,dx_E1369
1720,dx_E138
1721,dx_E139
1722,dx_E208
1723,dx_E20810
1724,dx_E20811
1725,dx_E20812
1726,dx_E20818
1727,dx_E20819
1728,dx_E2089
1729,dx_E209
1730,dx_E210
1731,dx_E211
1732,dx_E212
1733,dx_E213
1734,dx_E214
1735,dx_E215
1736,dx_E220
1737,dx_E222
1738,dx_E228
1739,dx_E229
1740,dx_E230
1741,dx_E232
1742,dx_E233
1743,dx_E236
1744,dx_E237
1745,dx_E240
1746,dx_E242
1747,dx_E243
1748,dx_E248
1749,dx_E249
1750,dx_E250
1751,dx_E258
1752,dx_E259
1753,dx_E2601
1754,dx_E2602
1755,dx_E2609
1756,dx_E261
1757,dx_E2681
1758,dx_E269
1759,dx_E270
1760,dx_E271
1761,dx_E2740
1762,dx_E2749
1763,dx_E275
1764,dx_E278
1765,dx_E279
1766,dx_E280
1767,dx_E281
1768,dx_E282
1769,dx_E28310
1770,dx_E28319
1771,dx_E2839
1772,dx_E288
1773,dx_E289
1774,dx_E290
1775,dx_E291
1776,dx_E298
1777,dx_E299
1778,dx_E310
1779,dx_E3120
1780,dx_E3121
1781,dx_E3122
1782,dx_E3123
1783,dx_E318
1784,dx_E319
1785,dx_E340
1786,dx_E3400
1787,dx_E3409
1788,dx_E343
1789,dx_E3430
1790,dx_E3431
1791,dx_E34321
1792,dx_E34322
1793,dx_E34328
1794,dx_E34329
1795,dx_E3439
1796,dx_E40
1797,dx_E41
1798,dx_E42
1799,dx_E43
1800,dx_E440
1801,dx_E441
1802,dx_E45
1803,dx_E46
1804,dx_E500
1805,dx_E501
1806,dx_E502
1807,dx_E503
1808,dx_E504
1809,dx_E505
1810,dx_E506
1811,dx_E507
1812,dx_E508
1813,dx_E509
1814,dx_E52
1815,dx_E530
1816,dx_E531
1817,dx_E538
1818,dx_E539
1819,dx_E54
1820,dx_E550
1821,dx_E640
1822,dx_E643
1823,dx_E6601
1824,dx_E6609
1825,dx_E661
1826,dx_E662
1827,dx_E668
1828,dx_E6681
1829,dx_E66811
1830,dx_E66812
1831,dx_E66813
1832,dx_E6689
1833,dx_E669
1834,dx_E700
1835,dx_E701
1836,dx_E7020
1837,dx_E7021
1838,dx_E7029
1839,dx_E7030
1840,dx_E70310
1841,dx_E70311
1842,dx_E70318
1843,dx_E70319
1844,dx_E70320
1845,dx_E70321
1846,dx_E70328
1847,dx_E70329
1848,dx_E70330
1849,dx_E70331
1850,dx_E70338
1851,dx_E70339
1852,dx_E7039
1853,dx_E7040
1854,dx_E7049
1855,dx_E705
1856,dx_E708
1857,dx_E7081
1858,dx_E7089
1859,dx_E709
1860,dx_E710
1861,dx_E71110
1862,dx_E71111
1863,dx_E71118
1864,dx_E71120
1865,dx_E71121
1866,dx_E71128
1867,dx_E7119
1868,dx_E712
1869,dx_E7130
1870,dx_E71310
1871,dx_E71311
1872,dx_E71312
1873,dx_E71313
1874,dx_E71314
1875,dx_E71318
1876,dx_E7132
1877,dx_E7139
1878,dx_E7140
1879,dx_E7141
1880,dx_E7142
1881,dx_E7143
1882,dx_E71440
1883,dx_E71448
1884,dx_E7150
1885,dx_E71510
1886,dx_E71511
1887,dx_E71518
1888,dx_E71520
1889,dx_E71521
1890,dx_E71522
1891,dx_E71528
1892,dx_E71529
1893,dx_E7153
1894,dx_E71540
1895,dx_E71541
1896,dx_E71542
1897,dx_E71548
1898,dx_E720
1899,dx_E7200
1900,dx_E7201
1901,dx_E7202
1902,dx_E7203
1903,dx_E7204
1904,dx_E7209
1905,dx_E7210
1906,dx_E7211
1907,dx_E7212
1908,dx_E7219
1909,dx_E7220
1910,dx_E7221
1911,dx_E7222
1912,dx_E7223
1913,dx_E7229
1914,dx_E723
1915,dx_E724
1916,dx_E7250
1917,dx_E7251
1918,dx_E7252
1919,dx_E7253
1920,dx_E72530
1921,dx_E72538
1922,dx_E72539
1923,dx_E72541
1924,dx_E72549
1925,dx_E7259
1926,dx_E728
1927,dx_E7281
1928,dx_E7289
1929,dx_E729
1930,dx_E740
1931,dx_E7400
1932,dx_E7401
1933,dx_E7402
1934,dx_E7403
1935,dx_E7404
1936,dx_E7405
1937,dx_E7409
1938,dx_E7410
1939,dx_E7411
1940,dx_E7412
1941,dx_E7419
1942,dx_E7420
1943,dx_E7421
1944,dx_E7429
1945,dx_E7431
1946,dx_E7439
1947,dx_E744
1948,dx_E748
1949,dx_E74810
1950,dx_E74818
1951,dx_E74819
1952,dx_E74820
1953,dx_E74829
1954,dx_E7489
1955,dx_E749
1956,dx_E7500
1957,dx_E7501
1958,dx_E7502
1959,dx_E7509
1960,dx_E7510
1961,dx_E7511
1962,dx_E7519
1963,dx_E7521
1964,dx_E7522
1965,dx_E7523
1966,dx_E75240
1967,dx_E75241
1968,dx_E75242
1969,dx_E75243
1970,dx_E75244
1971,dx_E75248
1972,dx_E75249
1973,dx_E7525
1974,dx_E7526
1975,dx_E7527
1976,dx_E7528
1977,dx_E7529
1978,dx_E753
1979,dx_E754
1980,dx_E755
1981,dx_E756
1982,dx_E7601
1983,dx_E7602
1984,dx_E7603
1985,dx_E761
1986,dx_E76210
1987,dx_E76211
1988,dx_E76219
1989,dx_E7622
1990,dx_E7629
1991,dx_E763
1992,dx_E768
1993,dx_E769
1994,dx_E770
1995,dx_E771
1996,dx_E778
1997,dx_E779
1998,dx_E780
1999,dx_E7800
2000,dx_E7801
2001,dx_E78010
2002,dx_E78011
2003,dx_E78019
2004,dx_E781
2005,dx_E782
2006,dx_E783
2007,dx_E784
2008,dx_E7841
2009,dx_E7849
2010,dx_E785
2011,dx_E786
2012,dx_E7870
2013,dx_E7871
2014,dx_E7872
2015,dx_E7879
2016,dx_E7881
2017,dx_E7889
2018,dx_E789
2019,dx_E790
2020,dx_E791
2021,dx_E792
2022,dx_E798
2023,dx_E7981
2024,dx_E7982
2025,dx_E7989
2026,dx_E799
2027,dx_E800
2028,dx_E8020
2029,dx_E8029
2030,dx_E803
2031,dx_E804
2032,dx_E805
2033,dx_E806
2034,dx_E807
2035,dx_E8300
2036,dx_E8301
2037,dx_E8309
2038,dx_E8310
2039,dx_E8311
2040,dx_E83110
2041,dx_E83111
2042,dx_E83118
2043,dx_E83119
2044,dx_E8319
2045,dx_E832
2046,dx_E8330
2047,dx_E8331
2048,dx_E8332
2049,dx_E8339
2050,dx_E8340
2051,dx_E8341
2052,dx_E8342
2053,dx_E8349
2054,dx_E8350
2055,dx_E8351
2056,dx_E8352
2057,dx_E8359
2058,dx_E8381
2059,dx_E83820
2060,dx_E83821
2061,dx_E83824
2062,dx_E8389
2063,dx_E839
2064,dx_E84
2065,dx_E840
2066,dx_E841
2067,dx_E8411
2068,dx_E8419
2069,dx_E848
2070,dx_E849
2071,dx_E850
2072,dx_E851
2073,dx_E852
2074,dx_E853
2075,dx_E854
2076,dx_E8581
2077,dx_E8582
2078,dx_E8589
2079,dx_E859
2080,dx_E8722
2081,dx_E8801
2082,dx_E8802
2083,dx_E8809
2084,dx_E881
2085,dx_E8810
2086,dx_E8811
2087,dx_E8812
2088,dx_E8813
2089,dx_E8819
2090,dx_E882
2091,dx_E883
2092,dx_E8840
2093,dx_E8841
2094,dx_E8842
2095,dx_E8843
2096,dx_E8849
2097,dx_E8881
2098,dx_E88810
2099,dx_E88811
2100,dx_E88818
2101,dx_E88819
2102,dx_E8882
2103,dx_E8889
2104,dx_E889
2105,dx_E88A
2106,dx_E890
2107,dx_E8940
2108,dx_E8941
2109,dx_E895
2110,dx_F0150
2111,dx_F0151
2112,dx_F01511
2113,dx_F01518
2114,dx_F01A0
2115,dx_F01B0
2116,dx_F0280
2117,dx_F0281
2118,dx_F02811
2119,dx_F02818
2120,dx_F0282
2121,dx_F0283
2122,dx_F0284
2123,dx_F02A0
2124,dx_F02A18
2125,dx_F02A3
2126,dx_F02A4
2127,dx_F02B0
2128,dx_F02B18
2129,dx_F02B3
2130,dx_F02C0
2131,dx_F02C11
2132,dx_F02C18
2133,dx_F02C3
2134,dx_F0390
2135,dx_F0391
2136,dx_F03911
2137,dx_F03918
2138,dx_F0392
2139,dx_F0393
2140,dx_F0394
2141,dx_F03A0
2142,dx_F03A4
2143,dx_F03B0
2144,dx_F03B18
2145,dx_F04
2146,dx_F05
2147,dx_F060
2148,dx_F061
2149,dx_F062
2150,dx_F0630
2151,dx_F0631
2152,dx_F0632
2153,dx_F0633
2154,dx_F0634
2155,dx_F064
2156,dx_F067
2157,dx_F0670
2158,dx_F0671
2159,dx_F068
2160,dx_F070
2161,dx_F1010
2162,dx_F1011
2163,dx_F10120
2164,dx_F10121
2165,dx_F10129
2166,dx_F10130
2167,dx_F10139
2168,dx_F1014
2169,dx_F10151
2170,dx_F10180
2171,dx_F10182
2172,dx_F10188
2173,dx_F1019
2174,dx_F1020
2175,dx_F1021
2176,dx_F10220
2177,dx_F10221
2178,dx_F10229
2179,dx_F10230
2180,dx_F10231
2181,dx_F10232
2182,dx_F10239
2183,dx_F1024
2184,dx_F10282
2185,dx_F10288
2186,dx_F1029
2187,dx_F1094
2188,dx_F10951
2189,dx_F10959
2190,dx_F1096
2191,dx_F1097
2192,dx_F10980
2193,dx_F1110
2194,dx_F1111
2195,dx_F11120
2196,dx_F11121
2197,dx_F11129
2198,dx_F1113
2199,dx_F11151
2200,dx_F1119
2201,dx_F1120
2202,dx_F1121
2203,dx_F11220
2204,dx_F11221
2205,dx_F11229
2206,dx_F1123
2207,dx_F1124
2208,dx_F11288
2209,dx_F1129
2210,dx_F11951
2211,dx_F11959
2212,dx_F1210
2213,dx_F1211
2214,dx_F12120
2215,dx_F12121
2216,dx_F12122
2217,dx_F12129
2218,dx_F1213
2219,dx_F12150
2220,dx_F12151
2221,dx_F12159
2222,dx_F12180
2223,dx_F12188
2224,dx_F1219
2225,dx_F1220
2226,dx_F1221
2227,dx_F12220
2228,dx_F12221
2229,dx_F12222
2230,dx_F12229
2231,dx_F1223
2232,dx_F12250
2233,dx_F12251
2234,dx_F12259
2235,dx_F12280
2236,dx_F12288
2237,dx_F1229
2238,dx_F12950
2239,dx_F12951
2240,dx_F12959
2241,dx_F1310
2242,dx_F1311
2243,dx_F13120
2244,dx_F13121
2245,dx_F13129
2246,dx_F13130
2247,dx_F13131
2248,dx_F13132
2249,dx_F13139
2250,dx_F1314
2251,dx_F13151
2252,dx_F13180
2253,dx_F13188
2254,dx_F1319
2255,dx_F1320
2256,dx_F1321
2257,dx_F13220
2258,dx_F13221
2259,dx_F13229
2260,dx_F13230
2261,dx_F13231
2262,dx_F13232
2263,dx_F13239
2264,dx_F13259
2265,dx_F13282
2266,dx_F13288
2267,dx_F1329
2268,dx_F13950
2269,dx_F13951
2270,dx_F1410
2271,dx_F1411
2272,dx_F14120
2273,dx_F14121
2274,dx_F14122
2275,dx_F14129
2276,dx_F1413
2277,dx_F1414
2278,dx_F14151
2279,dx_F1419
2280,dx_F1420
2281,dx_F1421
2282,dx_F14220
2283,dx_F1423
2284,dx_F14259
2285,dx_F14288
2286,dx_F14951
2287,dx_F14959
2288,dx_F1510
2289,dx_F1511
2290,dx_F15120
2291,dx_F15121
2292,dx_F15122
2293,dx_F15129
2294,dx_F1513
2295,dx_F1514
2296,dx_F15150
2297,dx_F15151
2298,dx_F15159
2299,dx_F15180
2300,dx_F15182
2301,dx_F15188
2302,dx_F1519
2303,dx_F1520
2304,dx_F1521
2305,dx_F15222
2306,dx_F15229
2307,dx_F1523
2308,dx_F15251
2309,dx_F15259
2310,dx_F1529
2311,dx_F15950
2312,dx_F15951
2313,dx_F15959
2314,dx_F1610
2315,dx_F1611
2316,dx_F16120
2317,dx_F16121
2318,dx_F16122
2319,dx_F16129
2320,dx_F1614
2321,dx_F16150
2322,dx_F16159
2323,dx_F16188
2324,dx_F1620
2325,dx_F1621
2326,dx_F16221
2327,dx_F16229
2328,dx_F16283
2329,dx_F16950
2330,dx_F16951
2331,dx_F16959
2332,dx_F1810
2333,dx_F1811
2334,dx_F18121
2335,dx_F18129
2336,dx_F18188
2337,dx_F1820
2338,dx_F1910
2339,dx_F1911
2340,dx_F19120
2341,dx_F19121
2342,dx_F19122
2343,dx_F19129
2344,dx_F19130
2345,dx_F19132
2346,dx_F19139
2347,dx_F1914
2348,dx_F19150
2349,dx_F19151
2350,dx_F19159
2351,dx_F19180
2352,dx_F19182
2353,dx_F19188
2354,dx_F1919
2355,dx_F1920
2356,dx_F1921
2357,dx_F19221
2358,dx_F19222
2359,dx_F19229
2360,dx_F19230
2361,dx_F19231
2362,dx_F19232
2363,dx_F19239
2364,dx_F1924
2365,dx_F19251
2366,dx_F19259
2367,dx_F19280
2368,dx_F19282
2369,dx_F19288
2370,dx_F1929
2371,dx_F19950
2372,dx_F19951
2373,dx_F19959
2374,dx_F200
2375,dx_F201
2376,dx_F202
2377,dx_F203
2378,dx_F205
2379,dx_F2081
2380,dx_F2089
2381,dx_F209
2382,dx_F21
2383,dx_F22
2384,dx_F23
2385,dx_F24
2386,dx_F250
2387,dx_F251
2388,dx_F258
2389,dx_F259
2390,dx_F28
2391,dx_F29
2392,dx_F3010
2393,dx_F3011
2394,dx_F3012
2395,dx_F3013
2396,dx_F302
2397,dx_F303
2398,dx_F304
2399,dx_F308
2400,dx_F309
2401,dx_F310
2402,dx_F3110
2403,dx_F3111
2404,dx_F3112
2405,dx_F3113
2406,dx_F312
2407,dx_F3130
2408,dx_F3131
2409,dx_F3132
2410,dx_F314
2411,dx_F315
2412,dx_F3160
2413,dx_F3161
2414,dx_F3162
2415,dx_F3163
2416,dx_F3164
2417,dx_F3170
2418,dx_F3171
2419,dx_F3172
2420,dx_F3173
2421,dx_F3174
2422,dx_F3175
2423,dx_F3176
2424,dx_F3177
2425,dx_F3178
2426,dx_F3181
2427,dx_F3189
2428,dx_F319
2429,dx_F320
2430,dx_F321
2431,dx_F322
2432,dx_F323
2433,dx_F324
2434,dx_F325
2435,dx_F328
2436,dx_F3281
2437,dx_F3289
2438,dx_F329
2439,dx_F32A
2440,dx_F33
2441,dx_F330
2442,dx_F331
2443,dx_F332
2444,dx_F333
2445,dx_F334
2446,dx_F3340
2447,dx_F3341
2448,dx_F3342
2449,dx_F338
2450,dx_F339
2451,dx_F340
2452,dx_F341
2453,dx_F348
2454,dx_F3481
2455,dx_F3489
2456,dx_F349
2457,dx_F39
2458,dx_F4000
2459,dx_F4001
2460,dx_F4002
2461,dx_F4010
2462,dx_F4011
2463,dx_F40210
2464,dx_F40218
2465,dx_F40220
2466,dx_F40228
2467,dx_F40230
2468,dx_F40231
2469,dx_F40232
2470,dx_F40233
2471,dx_F4024
2472,dx_F40240
2473,dx_F40241
2474,dx_F40243
2475,dx_F40248
2476,dx_F40298
2477,dx_F408
2478,dx_F409
2479,dx_F410
2480,dx_F411
2481,dx_F413
2482,dx_F418
2483,dx_F419
2484,dx_F429
2485,dx_F4310
2486,dx_F4320
2487,dx_F4321
2488,dx_F4322
2489,dx_F4323
2490,dx_F4324
2491,dx_F4325
2492,dx_F4329
2493,dx_F4381
2494,dx_F444
2495,dx_F445
2496,dx_F446
2497,dx_F447
2498,dx_F4481
2499,dx_F4489
2500,dx_F449
2501,dx_F450
2502,dx_F4521
2503,dx_F4522
2504,dx_F500
2505,dx_F5000
2506,dx_F5001
2507,dx_F50010
2508,dx_F50011
2509,dx_F50012
2510,dx_F50013
2511,dx_F50014
2512,dx_F50019
2513,dx_F5002
2514,dx_F50020
2515,dx_F50021
2516,dx_F50022
2517,dx_F50023
2518,dx_F50024
2519,dx_F50029
2520,dx_F502
2521,dx_F5020
2522,dx_F5021
2523,dx_F5022
2524,dx_F5023
2525,dx_F5024
2526,dx_F5025
2527,dx_F5081
2528,dx_F50810
2529,dx_F50811
2530,dx_F50812
2531,dx_F50813
2532,dx_F50814
2533,dx_F50819
2534,dx_F600
2535,dx_F601
2536,dx_F602
2537,dx_F603
2538,dx_F604
2539,dx_F605
2540,dx_F606
2541,dx_F607
2542,dx_F6081
2543,dx_F6089
2544,dx_F609
2545,dx_F630
2546,dx_F631
2547,dx_F632
2548,dx_F633
2549,dx_F638
2550,dx_F6381
2551,dx_F6389
2552,dx_F639
2553,dx_F640
2554,dx_F641
2555,dx_F642
2556,dx_F648
2557,dx_F649
2558,dx_F6812
2559,dx_F70
2560,dx_F71
2561,dx_F72
2562,dx_F73
2563,dx_F78
2564,dx_F78A
2565,dx_F78A1
2566,dx_F78A9
2567,dx_F79
2568,dx_F80
2569,dx_F800
2570,dx_F801
2571,dx_F802
2572,dx_F804
2573,dx_F808
2574,dx_F8081
2575,dx_F8082
2576,dx_F8089
2577,dx_F809
2578,dx_F81
2579,dx_F810
2580,dx_F812
2581,dx_F818
2582,dx_F8181
2583,dx_F8189
2584,dx_F819
2585,dx_F82
2586,dx_F840
2587,dx_F842
2588,dx_F843
2589,dx_F845
2590,dx_F848
2591,dx_F849
2592,dx_F88
2593,dx_F89
2594,dx_F90
2595,dx_F900
2596,dx_F901
2597,dx_F902
2598,dx_F908
2599,dx_F909
2600,dx_F911
2601,dx_F912
2602,dx_F913
2603,dx_F918
2604,dx_F919
2605,dx_F930
2606,dx_F938
2607,dx_F939
2608,dx_F951
2609,dx_F952
2610,dx_F981
2611,dx_F982
2612,dx_F9821
2613,dx_F9829
2614,dx_F989
2615,dx_G041
2616,dx_G0430
2617,dx_G0431
2618,dx_G0432
2619,dx_G0439
2620,dx_G08
2621,dx_G09
2622,dx_G10
2623,dx_G110
2624,dx_G111
2625,dx_G1110
2626,dx_G1111
2627,dx_G1119
2628,dx_G112
2629,dx_G113
2630,dx_G114
2631,dx_G115
2632,dx_G116
2633,dx_G118
2634,dx_G119
2635,dx_G120
2636,dx_G121
2637,dx_G1220
2638,dx_G1221
2639,dx_G1222
2640,dx_G1223
2641,dx_G1224
2642,dx_G1225
2643,dx_G1229
2644,dx_G128
2645,dx_G129
2646,dx_G130
2647,dx_G131
2648,dx_G138
2649,dx_G14
2650,dx_G20
2651,dx_G20A1
2652,dx_G20B1
2653,dx_G20B2
2654,dx_G20C
2655,dx_G210
2656,dx_G2111
2657,dx_G2119
2658,dx_G212
2659,dx_G213
2660,dx_G218
2661,dx_G219
2662,dx_G230
2663,dx_G231
2664,dx_G232
2665,dx_G233
2666,dx_G238
2667,dx_G239
2668,dx_G2402
2669,dx_G2409
2670,dx_G241
2671,dx_G242
2672,dx_G248
2673,dx_G253
2674,dx_G254
2675,dx_G255
2676,dx_G2570
2677,dx_G2571
2678,dx_G2579
2679,dx_G2581
2680,dx_G2582
2681,dx_G2583
2682,dx_G2589
2683,dx_G259
2684,dx_G26
2685,dx_G300
2686,dx_G309
2687,dx_G3101
2688,dx_G3109
2689,dx_G311
2690,dx_G312
2691,dx_G318
2692,dx_G3180
2693,dx_G3181
2694,dx_G3182
2695,dx_G3183
2696,dx_G3184
2697,dx_G3185
2698,dx_G3186
2699,dx_G3187
2700,dx_G3189
2701,dx_G319
2702,dx_G320
2703,dx_G3281
2704,dx_G3289
2705,dx_G35
2706,dx_G35A
2707,dx_G35B0
2708,dx_G35B1
2709,dx_G35D
2710,dx_G360
2711,dx_G361
2712,dx_G368
2713,dx_G369
2714,dx_G370
2715,dx_G371
2716,dx_G372
2717,dx_G373
2718,dx_G374
2719,dx_G375
2720,dx_G378
2721,dx_G3781
2722,dx_G3789
2723,dx_G379
2724,dx_G40
2725,dx_G400
2726,dx_G40001
2727,dx_G40009
2728,dx_G40011
2729,dx_G40019
2730,dx_G40101
2731,dx_G40109
2732,dx_G4011
2733,dx_G40111
2734,dx_G40119
2735,dx_G402
2736,dx_G40201
2737,dx_G40209
2738,dx_G4021
2739,dx_G40211
2740,dx_G40219
2741,dx_G40301
2742,dx_G40309
2743,dx_G40311
2744,dx_G40319
2745,dx_G404
2746,dx_G40401
2747,dx_G40409
2748,dx_G4041
2749,dx_G40411
2750,dx_G40419
2751,dx_G4042
2752,dx_G405
2753,dx_G40501
2754,dx_G40509
2755,dx_G4080
2756,dx_G40801
2757,dx_G40802
2758,dx_G40803
2759,dx_G40804
2760,dx_G4081
2761,dx_G40811
2762,dx_G40812
2763,dx_G40813
2764,dx_G40814
2765,dx_G4082
2766,dx_G40821
2767,dx_G40822
2768,dx_G40823
2769,dx_G40824
2770,dx_G4083
2771,dx_G40833
2772,dx_G40834
2773,dx_G40841
2774,dx_G40842
2775,dx_G40843
2776,dx_G40844
2777,dx_G4089
2778,dx_G409
2779,dx_G4090
2780,dx_G40901
2781,dx_G40909
2782,dx_G4091
2783,dx_G40911
2784,dx_G40919
2785,dx_G40A
2786,dx_G40A01
2787,dx_G40A09
2788,dx_G40A11
2789,dx_G40A19
2790,dx_G40B01
2791,dx_G40B09
2792,dx_G40B11
2793,dx_G40B19
2794,dx_G40C01
2795,dx_G40C09
2796,dx_G40C11
2797,dx_G40C19
2798,dx_G43E01
2799,dx_G43E09
2800,dx_G43E11
2801,dx_G43E19
2802,dx_G450
2803,dx_G451
2804,dx_G453
2805,dx_G454
2806,dx_G458
2807,dx_G459
2808,dx_G460
2809,dx_G461
2810,dx_G462
2811,dx_G463
2812,dx_G464
2813,dx_G465
2814,dx_G467
2815,dx_G468
2816,dx_G4730
2817,dx_G4731
2818,dx_G4733
2819,dx_G4734
2820,dx_G4735
2821,dx_G4736
2822,dx_G4737
2823,dx_G4739
2824,dx_G474
2825,dx_G4741
2826,dx_G47411
2827,dx_G47419
2828,dx_G4742
2829,dx_G47421
2830,dx_G47429
2831,dx_G50
2832,dx_G500
2833,dx_G501
2834,dx_G508
2835,dx_G509
2836,dx_G510
2837,dx_G511
2838,dx_G512
2839,dx_G518
2840,dx_G519
2841,dx_G520
2842,dx_G521
2843,dx_G522
2844,dx_G523
2845,dx_G527
2846,dx_G528
2847,dx_G529
2848,dx_G540
2849,dx_G541
2850,dx_G542
2851,dx_G543
2852,dx_G544
2853,dx_G545
2854,dx_G546
2855,dx_G547
2856,dx_G548
2857,dx_G549
2858,dx_G5600
2859,dx_G5601
2860,dx_G5602
2861,dx_G5603
2862,dx_G5610
2863,dx_G5611
2864,dx_G5612
2865,dx_G5613
2866,dx_G5620
2867,dx_G5621
2868,dx_G5622
2869,dx_G5623
2870,dx_G5630
2871,dx_G5631
2872,dx_G5632
2873,dx_G5640
2874,dx_G5641
2875,dx_G5642
2876,dx_G5643
2877,dx_G5680
2878,dx_G5681
2879,dx_G5682
2880,dx_G5683
2881,dx_G5690
2882,dx_G5691
2883,dx_G5692
2884,dx_G5693
2885,dx_G5700
2886,dx_G5701
2887,dx_G5702
2888,dx_G5703
2889,dx_G5710
2890,dx_G5711
2891,dx_G5712
2892,dx_G5713
2893,dx_G5720
2894,dx_G5721
2895,dx_G5722
2896,dx_G5723
2897,dx_G5730
2898,dx_G5731
2899,dx_G5732
2900,dx_G5733
2901,dx_G5740
2902,dx_G5741
2903,dx_G5742
2904,dx_G5743
2905,dx_G5750
2906,dx_G5751
2907,dx_G5752
2908,dx_G5753
2909,dx_G5761
2910,dx_G5762
2911,dx_G5763
2912,dx_G5770
2913,dx_G5771
2914,dx_G5772
2915,dx_G5773
2916,dx_G5780
2917,dx_G5781
2918,dx_G5782
2919,dx_G5783
2920,dx_G5790
2921,dx_G5791
2922,dx_G5792
2923,dx_G5793
2924,dx_G587
2925,dx_G588
2926,dx_G589
2927,dx_G600
2928,dx_G601
2929,dx_G602
2930,dx_G603
2931,dx_G608
2932,dx_G609
2933,dx_G611
2934,dx_G6181
2935,dx_G6182
2936,dx_G6189
2937,dx_G619
2938,dx_G620
2939,dx_G621
2940,dx_G622
2941,dx_G6289
2942,dx_G629
2943,dx_G63
2944,dx_G650
2945,dx_G652
2946,dx_G7000
2947,dx_G7001
2948,dx_G701
2949,dx_G702
2950,dx_G7080
2951,dx_G7081
2952,dx_G7089
2953,dx_G709
2954,dx_G710
2955,dx_G7100
2956,dx_G7101
2957,dx_G7102
2958,dx_G71031
2959,dx_G71032
2960,dx_G71033
2961,dx_G710340
2962,dx_G710341
2963,dx_G710342
2964,dx_G710349
2965,dx_G71035
2966,dx_G71036
2967,dx_G71038
2968,dx_G71039
2969,dx_G7109
2970,dx_G7111
2971,dx_G7112
2972,dx_G7113
2973,dx_G7114
2974,dx_G7119
2975,dx_G712
2976,dx_G7120
2977,dx_G7121
2978,dx_G7122
2979,dx_G71220
2980,dx_G71228
2981,dx_G7129
2982,dx_G713
2983,dx_G718
2984,dx_G719
2985,dx_G720
2986,dx_G721
2987,dx_G722
2988,dx_G723
2989,dx_G7241
2990,dx_G7249
2991,dx_G7281
2992,dx_G7289
2993,dx_G729
2994,dx_G731
2995,dx_G733
2996,dx_G737
2997,dx_G80
2998,dx_G800
2999,dx_G801
3000,dx_G802
3001,dx_G803
3002,dx_G804
3003,dx_G808
3004,dx_G809
3005,dx_G810
3006,dx_G8100
3007,dx_G8101
3008,dx_G8102
3009,dx_G8103
3010,dx_G8104
3011,dx_G8110
3012,dx_G8111
3013,dx_G8112
3014,dx_G8113
3015,dx_G8114
3016,dx_G819
3017,dx_G8190
3018,dx_G8191
3019,dx_G8192
3020,dx_G8193
3021,dx_G8194
3022,dx_G822
3023,dx_G8220
3024,dx_G8221
3025,dx_G8222
3026,dx_G8250
3027,dx_G8251
3028,dx_G8252
3029,dx_G8253
3030,dx_G8254
3031,dx_G83
3032,dx_G830
3033,dx_G8310
3034,dx_G8311
3035,dx_G8312
3036,dx_G8313
3037,dx_G8314
3038,dx_G8320
3039,dx_G8321
3040,dx_G8322
3041,dx_G8323
3042,dx_G8324
3043,dx_G8330
3044,dx_G8331
3045,dx_G8332
3046,dx_G8333
3047,dx_G8334
3048,dx_G834
3049,dx_G835
3050,dx_G8381
3051,dx_G8382
3052,dx_G8383
3053,dx_G8384
3054,dx_G8389
3055,dx_G839
3056,dx_G890
3057,dx_G9001
3058,dx_G9009
3059,dx_G901
3060,dx_G903
3061,dx_G904
3062,dx_G9050
3063,dx_G90511
3064,dx_G90512
3065,dx_G90513
3066,dx_G90519
3067,dx_G90521
3068,dx_G90522
3069,dx_G90523
3070,dx_G90529
3071,dx_G9059
3072,dx_G908
3073,dx_G9081
3074,dx_G9089
3075,dx_G909
3076,dx_G90A
3077,dx_G91
3078,dx_G910
3079,dx_G911
3080,dx_G912
3081,dx_G913
3082,dx_G914
3083,dx_G918
3084,dx_G919
3085,dx_G92
3086,dx_G9200
3087,dx_G9201
3088,dx_G9202
3089,dx_G9203
3090,dx_G9204
3091,dx_G9205
3092,dx_G928
3093,dx_G929
3094,dx_G93
3095,dx_G930
3096,dx_G931
3097,dx_G932
3098,dx_G933
3099,dx_G9331
3100,dx_G9332
3101,dx_G9339
3102,dx_G9340
3103,dx_G9341
3104,dx_G9342
3105,dx_G9343
3106,dx_G9345
3107,dx_G9349
3108,dx_G935
3109,dx_G936
3110,dx_G937
3111,dx_G9381
3112,dx_G9382
3113,dx_G9389
3114,dx_G939
3115,dx_G94
3116,dx_G950
3117,dx_G951
3118,dx_G9511
3119,dx_G9519
3120,dx_G9520
3121,dx_G9529
3122,dx_G9581
3123,dx_G9589
3124,dx_G959
3125,dx_G969
3126,dx_G990
3127,dx_G992
3128,dx_H05833
3129,dx_H05839
3130,dx_H15001
3131,dx_H15002
3132,dx_H15003
3133,dx_H15009
3134,dx_H15011
3135,dx_H15012
3136,dx_H15013
3137,dx_H15019
3138,dx_H15031
3139,dx_H15032
3140,dx_H15033
3141,dx_H15039
3142,dx_H15041
3143,dx_H15042
3144,dx_H15043
3145,dx_H15049
3146,dx_H15051
3147,dx_H15052
3148,dx_H15053
3149,dx_H15059
3150,dx_H15091
3151,dx_H15092
3152,dx_H15093
3153,dx_H15099
3154,dx_H15813
3155,dx_H15821
3156,dx_H15822
3157,dx_H15823
3158,dx_H15829
3159,dx_H15831
3160,dx_H15832
3161,dx_H15833
3162,dx_H15839
3163,dx_H15841
3164,dx_H15842
3165,dx_H15843
3166,dx_H15849
3167,dx_H15851
3168,dx_H15852
3169,dx_H15853
3170,dx_H15859
3171,dx_H1589
3172,dx_H2010
3173,dx_H2011
3174,dx_H2012
3175,dx_H2013
3176,dx_H2020
3177,dx_H2021
3178,dx_H2022
3179,dx_H2023
3180,dx_H20811
3181,dx_H20812
3182,dx_H20813
3183,dx_H20819
3184,dx_H20821
3185,dx_H20822
3186,dx_H20823
3187,dx_H20829
3188,dx_H209
3189,dx_H21229
3190,dx_H21231
3191,dx_H21232
3192,dx_H21233
3193,dx_H21239
3194,dx_H21241
3195,dx_H21242
3196,dx_H21243
3197,dx_H21249
3198,dx_H21252
3199,dx_H21261
3200,dx_H21262
3201,dx_H21263
3202,dx_H21269
3203,dx_H21271
3204,dx_H21272
3205,dx_H21273
3206,dx_H2129
3207,dx_H21501
3208,dx_H21502
3209,dx_H21503
3210,dx_H21509
3211,dx_H21511
3212,dx_H21512
3213,dx_H21513
3214,dx_H21519
3215,dx_H21521
3216,dx_H21522
3217,dx_H21523
3218,dx_H21529
3219,dx_H21541
3220,dx_H21542
3221,dx_H21543
3222,dx_H21549
3223,dx_H21551
3224,dx_H21552
3225,dx_H21553
3226,dx_H21559
3227,dx_H21561
3228,dx_H21562
3229,dx_H21563
3230,dx_H21569
3231,dx_H2181
3232,dx_H2182
3233,dx_H2189
3234,dx_H270
3235,dx_H2700
3236,dx_H2701
3237,dx_H2702
3238,dx_H2703
3239,dx_H27111
3240,dx_H27112
3241,dx_H27113
3242,dx_H27119
3243,dx_H27121
3244,dx_H27122
3245,dx_H27123
3246,dx_H27129
3247,dx_H27131
3248,dx_H27132
3249,dx_H27133
3250,dx_H27139
3251,dx_H278
3252,dx_H30001
3253,dx_H30003
3254,dx_H30009
3255,dx_H30019
3256,dx_H30021
3257,dx_H30022
3258,dx_H30023
3259,dx_H30033
3260,dx_H30041
3261,dx_H30042
3262,dx_H30043
3263,dx_H30049
3264,dx_H30101
3265,dx_H30102
3266,dx_H30103
3267,dx_H30109
3268,dx_H30123
3269,dx_H30131
3270,dx_H30132
3271,dx_H30133
3272,dx_H30139
3273,dx_H30141
3274,dx_H30142
3275,dx_H30143
3276,dx_H3020
3277,dx_H3021
3278,dx_H3022
3279,dx_H3023
3280,dx_H30819
3281,dx_H3090
3282,dx_H3091
3283,dx_H3092
3284,dx_H3093
3285,dx_H31001
3286,dx_H31002
3287,dx_H31003
3288,dx_H31009
3289,dx_H31011
3290,dx_H31012
3291,dx_H31013
3292,dx_H31019
3293,dx_H31021
3294,dx_H31022
3295,dx_H31023
3296,dx_H31029
3297,dx_H31091
3298,dx_H31092
3299,dx_H31093
3300,dx_H31099
3301,dx_H31101
3302,dx_H31102
3303,dx_H31103
3304,dx_H31109
3305,dx_H31121
3306,dx_H31123
3307,dx_H3120
3308,dx_H3121
3309,dx_H3122
3310,dx_H3123
3311,dx_H3129
3312,dx_H31301
3313,dx_H31302
3314,dx_H31303
3315,dx_H31309
3316,dx_H31313
3317,dx_H31321
3318,dx_H31322
3319,dx_H31323
3320,dx_H31329
3321,dx_H31401
3322,dx_H31402
3323,dx_H31403
3324,dx_H31411
3325,dx_H31412
3326,dx_H31413
3327,dx_H31421
3328,dx_H31422
3329,dx_H31423
3330,dx_H318
3331,dx_H319
3332,dx_H33001
3333,dx_H33002
3334,dx_H33003
3335,dx_H33009
3336,dx_H33011
3337,dx_H33012
3338,dx_H33013
3339,dx_H33019
3340,dx_H33021
3341,dx_H33022
3342,dx_H33023
3343,dx_H33029
3344,dx_H33031
3345,dx_H33032
3346,dx_H33033
3347,dx_H33039
3348,dx_H33041
3349,dx_H33042
3350,dx_H33043
3351,dx_H33051
3352,dx_H33052
3353,dx_H33053
3354,dx_H33059
3355,dx_H33101
3356,dx_H33102
3357,dx_H33103
3358,dx_H33109
3359,dx_H3319
3360,dx_H33191
3361,dx_H33192
3362,dx_H33193
3363,dx_H33199
3364,dx_H3320
3365,dx_H3321
3366,dx_H3322
3367,dx_H3323
3368,dx_H33301
3369,dx_H33302
3370,dx_H33303
3371,dx_H33309
3372,dx_H33311
3373,dx_H33312
3374,dx_H33313
3375,dx_H33319
3376,dx_H33321
3377,dx_H33322
3378,dx_H33323
3379,dx_H33329
3380,dx_H33331
3381,dx_H33332
3382,dx_H33333
3383,dx_H33339
3384,dx_H3340
3385,dx_H3341
3386,dx_H3342
3387,dx_H3343
3388,dx_H338
3389,dx_H3400
3390,dx_H3410
3391,dx_H3411
3392,dx_H3412
3393,dx_H3413
3394,dx_H34211
3395,dx_H34231
3396,dx_H34232
3397,dx_H34233
3398,dx_H34239
3399,dx_H348110
3400,dx_H348111
3401,dx_H348112
3402,dx_H348120
3403,dx_H348121
3404,dx_H348122
3405,dx_H348130
3406,dx_H348131
3407,dx_H348132
3408,dx_H348190
3409,dx_H348192
3410,dx_H34821
3411,dx_H34822
3412,dx_H34823
3413,dx_H348311
3414,dx_H348312
3415,dx_H348320
3416,dx_H348321
3417,dx_H348322
3418,dx_H348331
3419,dx_H348392
3420,dx_H349
3421,dx_H3500
3422,dx_H35011
3423,dx_H35012
3424,dx_H35013
3425,dx_H35019
3426,dx_H35021
3427,dx_H35022
3428,dx_H35023
3429,dx_H35029
3430,dx_H35031
3431,dx_H35032
3432,dx_H35033
3433,dx_H35039
3434,dx_H35041
3435,dx_H35042
3436,dx_H35043
3437,dx_H35049
3438,dx_H35051
3439,dx_H35052
3440,dx_H35053
3441,dx_H35059
3442,dx_H35061
3443,dx_H35062
3444,dx_H35063
3445,dx_H35069
3446,dx_H35071
3447,dx_H35072
3448,dx_H35073
3449,dx_H35079
3450,dx_H3509
3451,dx_H35151
3452,dx_H35152
3453,dx_H35153
3454,dx_H35159
3455,dx_H35161
3456,dx_H35162
3457,dx_H35163
3458,dx_H35169
3459,dx_H35171
3460,dx_H35172
3461,dx_H35173
3462,dx_H35179
3463,dx_H3520
3464,dx_H3521
3465,dx_H3522
3466,dx_H3523
3467,dx_H3530
3468,dx_H3533
3469,dx_H35341
3470,dx_H35342
3471,dx_H35343
3472,dx_H35349
3473,dx_H35351
3474,dx_H35352
3475,dx_H35353
3476,dx_H35359
3477,dx_H35361
3478,dx_H35362
3479,dx_H35363
3480,dx_H35369
3481,dx_H35371
3482,dx_H35372
3483,dx_H35373
3484,dx_H35379
3485,dx_H35381
3486,dx_H35382
3487,dx_H35383
3488,dx_H35389
3489,dx_H3540
3490,dx_H35411
3491,dx_H35412
3492,dx_H35413
3493,dx_H35419
3494,dx_H35421
3495,dx_H35431
3496,dx_H35432
3497,dx_H35433
3498,dx_H35451
3499,dx_H35452
3500,dx_H35453
3501,dx_H35459
3502,dx_H35461
3503,dx_H35462
3504,dx_H35463
3505,dx_H3550
3506,dx_H3551
3507,dx_H3552
3508,dx_H3553
3509,dx_H3554
3510,dx_H3570
3511,dx_H35711
3512,dx_H35712
3513,dx_H35713
3514,dx_H35719
3515,dx_H35721
3516,dx_H35722
3517,dx_H35723
3518,dx_H35729
3519,dx_H35733
3520,dx_H35739
3521,dx_H3589
3522,dx_H36811
3523,dx_H36812
3524,dx_H36813
3525,dx_H36819
3526,dx_H36821
3527,dx_H36822
3528,dx_H36823
3529,dx_H36829
3530,dx_H3689
3531,dx_H4010X0
3532,dx_H4010X1
3533,dx_H4010X2
3534,dx_H4010X3
3535,dx_H4010X4
3536,dx_H401110
3537,dx_H401111
3538,dx_H401113
3539,dx_H401114
3540,dx_H401120
3541,dx_H401121
3542,dx_H401122
3543,dx_H401123
3544,dx_H401124
3545,dx_H401130
3546,dx_H401131
3547,dx_H401132
3548,dx_H401133
3549,dx_H401134
3550,dx_H401190
3551,dx_H401191
3552,dx_H401193
3553,dx_H401194
3554,dx_H4011X0
3555,dx_H4011X2
3556,dx_H401210
3557,dx_H401214
3558,dx_H401230
3559,dx_H401314
3560,dx_H401320
3561,dx_H401330
3562,dx_H40153
3563,dx_H4020X0
3564,dx_H4020X1
3565,dx_H4020X2
3566,dx_H4020X3
3567,dx_H4020X4
3568,dx_H40211
3569,dx_H40212
3570,dx_H40213
3571,dx_H40219
3572,dx_H402210
3573,dx_H402213
3574,dx_H402214
3575,dx_H402220
3576,dx_H402222
3577,dx_H402223
3578,dx_H402230
3579,dx_H402231
3580,dx_H402232
3581,dx_H402233
3582,dx_H402234
3583,dx_H402290
3584,dx_H40231
3585,dx_H40232
3586,dx_H40233
3587,dx_H4030X0
3588,dx_H4030X1
3589,dx_H4030X3
3590,dx_H4030X4
3591,dx_H4031X0
3592,dx_H4031X1
3593,dx_H4031X2
3594,dx_H4031X3
3595,dx_H4031X4
3596,dx_H4032X0
3597,dx_H4032X1
3598,dx_H4032X2
3599,dx_H4032X3
3600,dx_H4032X4
3601,dx_H4033X0
3602,dx_H4033X1
3603,dx_H4033X2
3604,dx_H4040X0
3605,dx_H4040X1
3606,dx_H4040X2
3607,dx_H4040X3
3608,dx_H4040X4
3609,dx_H4041X0
3610,dx_H4041X1
3611,dx_H4041X2
3612,dx_H4041X3
3613,dx_H4041X4
3614,dx_H4042X0
3615,dx_H4042X1
3616,dx_H4042X2
3617,dx_H4042X3
3618,dx_H4042X4
3619,dx_H4043
3620,dx_H4043X0
3621,dx_H4043X1
3622,dx_H4043X2
3623,dx_H4043X3
3624,dx_H4043X4
3625,dx_H4050X0
3626,dx_H4050X1
3627,dx_H4050X2
3628,dx_H4050X3
3629,dx_H4050X4
3630,dx_H4051X0
3631,dx_H4051X1
3632,dx_H4051X2
3633,dx_H4051X3
3634,dx_H4051X4
3635,dx_H4052X0
3636,dx_H4052X1
3637,dx_H4052X2
3638,dx_H4052X3
3639,dx_H4052X4
3640,dx_H4053X0
3641,dx_H4053X1
3642,dx_H4053X2
3643,dx_H4053X3
3644,dx_H4053X4
3645,dx_H4060X0
3646,dx_H4060X1
3647,dx_H4060X2
3648,dx_H4060X3
3649,dx_H4061X0
3650,dx_H4061X1
3651,dx_H4061X2
3652,dx_H4061X3
3653,dx_H4061X4
3654,dx_H4062X0
3655,dx_H4062X1
3656,dx_H4062X2
3657,dx_H4062X3
3658,dx_H4062X4
3659,dx_H4063X0
3660,dx_H4063X1
3661,dx_H4063X2
3662,dx_H4063X3
3663,dx_H4063X4
3664,dx_H408
3665,dx_H40811
3666,dx_H40812
3667,dx_H40813
3668,dx_H40819
3669,dx_H40822
3670,dx_H40831
3671,dx_H40832
3672,dx_H40833
3673,dx_H40839
3674,dx_H40841
3675,dx_H40842
3676,dx_H4089
3677,dx_H409
3678,dx_H42
3679,dx_H4300
3680,dx_H4301
3681,dx_H4302
3682,dx_H4303
3683,dx_H4321
3684,dx_H4322
3685,dx_H4323
3686,dx_H43311
3687,dx_H43312
3688,dx_H43313
3689,dx_H43319
3690,dx_H43391
3691,dx_H43392
3692,dx_H43393
3693,dx_H43399
3694,dx_H43811
3695,dx_H43812
3696,dx_H43813
3697,dx_H43819
3698,dx_H4389
3699,dx_H4420
3700,dx_H4421
3701,dx_H4422
3702,dx_H4423
3703,dx_H442A1
3704,dx_H442A2
3705,dx_H442A3
3706,dx_H442A9
3707,dx_H442B3
3708,dx_H442C1
3709,dx_H442C2
3710,dx_H442C3
3711,dx_H442C9
3712,dx_H442D1
3713,dx_H442D9
3714,dx_H442E1
3715,dx_H442E3
3716,dx_H442E9
3717,dx_H4430
3718,dx_H4440
3719,dx_H4450
3720,dx_H4600
3721,dx_H4601
3722,dx_H4602
3723,dx_H4603
3724,dx_H4610
3725,dx_H4611
3726,dx_H4612
3727,dx_H4613
3728,dx_H462
3729,dx_H463
3730,dx_H468
3731,dx_H469
3732,dx_H47011
3733,dx_H47012
3734,dx_H47013
3735,dx_H47019
3736,dx_H4703
3737,dx_H47031
3738,dx_H47032
3739,dx_H47033
3740,dx_H47039
3741,dx_H47091
3742,dx_H47092
3743,dx_H47093
3744,dx_H47099
3745,dx_H47141
3746,dx_H47143
3747,dx_H47149
3748,dx_H4720
3749,dx_H47211
3750,dx_H47212
3751,dx_H47213
3752,dx_H47219
3753,dx_H4722
3754,dx_H47231
3755,dx_H47232
3756,dx_H47233
3757,dx_H47239
3758,dx_H47291
3759,dx_H47292
3760,dx_H47293
3761,dx_H47299
3762,dx_H47311
3763,dx_H47312
3764,dx_H47313
3765,dx_H47319
3766,dx_H47321
3767,dx_H47322
3768,dx_H47323
3769,dx_H47329
3770,dx_H47391
3771,dx_H47392
3772,dx_H47393
3773,dx_H47399
3774,dx_H4741
3775,dx_H4742
3776,dx_H4743
3777,dx_H4749
3778,dx_H47519
3779,dx_H47521
3780,dx_H47522
3781,dx_H47529
3782,dx_H47531
3783,dx_H47539
3784,dx_H4761
3785,dx_H47611
3786,dx_H47612
3787,dx_H47619
3788,dx_H47621
3789,dx_H47622
3790,dx_H47629
3791,dx_H47639
3792,dx_H47641
3793,dx_H47642
3794,dx_H47649
3795,dx_H479
3796,dx_H4900
3797,dx_H4901
3798,dx_H4902
3799,dx_H4903
3800,dx_H4910
3801,dx_H4911
3802,dx_H4912
3803,dx_H4913
3804,dx_H4920
3805,dx_H4921
3806,dx_H4922
3807,dx_H4923
3808,dx_H4930
3809,dx_H4931
3810,dx_H4932
3811,dx_H4933
3812,dx_H4940
3813,dx_H4941
3814,dx_H4942
3815,dx_H4943
3816,dx_H49811
3817,dx_H49812
3818,dx_H49813
3819,dx_H49819
3820,dx_H49881
3821,dx_H49882
3822,dx_H49883
3823,dx_H49889
3824,dx_H5000
3825,dx_H5005
3826,dx_H5006
3827,dx_H5007
3828,dx_H5008
3829,dx_H5010
3830,dx_H5015
3831,dx_H5016
3832,dx_H5017
3833,dx_H5018
3834,dx_H5030
3835,dx_H5032
3836,dx_H5034
3837,dx_H5040
3838,dx_H5042
3839,dx_H5043
3840,dx_H505
3841,dx_H5050
3842,dx_H5051
3843,dx_H5052
3844,dx_H5053
3845,dx_H5055
3846,dx_H5060
3847,dx_H5069
3848,dx_H5089
3849,dx_H510
3850,dx_H5111
3851,dx_H5112
3852,dx_H5120
3853,dx_H5121
3854,dx_H5122
3855,dx_H5123
3856,dx_H518
3857,dx_H519
3858,dx_H540
3859,dx_H540X33
3860,dx_H540X34
3861,dx_H540X35
3862,dx_H540X43
3863,dx_H540X44
3864,dx_H540X45
3865,dx_H540X53
3866,dx_H540X54
3867,dx_H540X55
3868,dx_H5410
3869,dx_H5411
3870,dx_H541131
3871,dx_H541132
3872,dx_H541141
3873,dx_H541142
3874,dx_H541151
3875,dx_H541152
3876,dx_H5412
3877,dx_H541213
3878,dx_H541214
3879,dx_H541215
3880,dx_H541223
3881,dx_H541225
3882,dx_H542
3883,dx_H542X11
3884,dx_H542X12
3885,dx_H542X21
3886,dx_H542X22
3887,dx_H543
3888,dx_H548
3889,dx_H550
3890,dx_H5500
3891,dx_H5501
3892,dx_H5502
3893,dx_H5503
3894,dx_H5504
3895,dx_H5509
3896,dx_H579
3897,dx_H7100
3898,dx_H7101
3899,dx_H7102
3900,dx_H7103
3901,dx_H7110
3902,dx_H7111
3903,dx_H7112
3904,dx_H7113
3905,dx_H7120
3906,dx_H7121
3907,dx_H7122
3908,dx_H7123
3909,dx_H7130
3910,dx_H7131
3911,dx_H7132
3912,dx_H7133
3913,dx_H7190
3914,dx_H7191
3915,dx_H7192
3916,dx_H7193
3917,dx_H7401
3918,dx_H7402
3919,dx_H7403
3920,dx_H7409
3921,dx_H7411
3922,dx_H7412
3923,dx_H7413
3924,dx_H7419
3925,dx_H7420
3926,dx_H7421
3927,dx_H7422
3928,dx_H7423
3929,dx_H74311
3930,dx_H74312
3931,dx_H74313
3932,dx_H74319
3933,dx_H74321
3934,dx_H74322
3935,dx_H74323
3936,dx_H74329
3937,dx_H74391
3938,dx_H74392
3939,dx_H74393
3940,dx_H74399
3941,dx_H7440
3942,dx_H7441
3943,dx_H7442
3944,dx_H7443
3945,dx_H748X1
3946,dx_H748X2
3947,dx_H748X3
3948,dx_H748X9
3949,dx_H7490
3950,dx_H7491
3951,dx_H7492
3952,dx_H7493
3953,dx_H8001
3954,dx_H8002
3955,dx_H8003
3956,dx_H8012
3957,dx_H8020
3958,dx_H8021
3959,dx_H8022
3960,dx_H8023
3961,dx_H8080
3962,dx_H8081
3963,dx_H8082
3964,dx_H8083
3965,dx_H8090
3966,dx_H8091
3967,dx_H8092
3968,dx_H8093
3969,dx_H8101
3970,dx_H8102
3971,dx_H8103
3972,dx_H8109
3973,dx_H8110
3974,dx_H8111
3975,dx_H8112
3976,dx_H8113
3977,dx_H8120
3978,dx_H8121
3979,dx_H8122
3980,dx_H8123
3981,dx_H81311
3982,dx_H81313
3983,dx_H81319
3984,dx_H81391
3985,dx_H81392
3986,dx_H81393
3987,dx_H81399
3988,dx_H814
3989,dx_H8143
3990,dx_H8149
3991,dx_H818
3992,dx_H818X1
3993,dx_H818X2
3994,dx_H818X3
3995,dx_H818X9
3996,dx_H819
3997,dx_H8190
3998,dx_H8191
3999,dx_H8192
4000,dx_H8193
4001,dx_H8301
4002,dx_H8302
4003,dx_H8303
4004,dx_H8309
4005,dx_H8311
4006,dx_H8312
4007,dx_H8313
4008,dx_H8319
4009,dx_H832X1
4010,dx_H832X2
4011,dx_H832X3
4012,dx_H832X9
4013,dx_H833X1
4014,dx_H833X2
4015,dx_H833X3
4016,dx_H833X9
4017,dx_H838X1
4018,dx_H838X2
4019,dx_H838X3
4020,dx_H838X9
4021,dx_H8390
4022,dx_H8391
4023,dx_H8392
4024,dx_H8393
4025,dx_H903
4026,dx_H905
4027,dx_H906
4028,dx_H908
4029,dx_H913
4030,dx_H918X3
4031,dx_H918X9
4032,dx_H9190
4033,dx_H9193
4034,dx_H9313
4035,dx_H9319
4036,dx_H9325
4037,dx_H933X3
4038,dx_H933X9
4039,dx_I00
4040,dx_I011
4041,dx_I018
4042,dx_I019
4043,dx_I020
4044,dx_I050
4045,dx_I051
4046,dx_I052
4047,dx_I058
4048,dx_I059
4049,dx_I060
4050,dx_I061
4051,dx_I062
4052,dx_I068
4053,dx_I069
4054,dx_I070
4055,dx_I071
4056,dx_I072
4057,dx_I078
4058,dx_I079
4059,dx_I080
4060,dx_I081
4061,dx_I082
4062,dx_I083
4063,dx_I088
4064,dx_I089
4065,dx_I090
4066,dx_I091
4067,dx_I092
4068,dx_I0981
4069,dx_I0989
4070,dx_I099
4071,dx_I10
4072,dx_I110
4073,dx_I119
4074,dx_I12
4075,dx_I120
4076,dx_I129
4077,dx_I13
4078,dx_I130
4079,dx_I1310
4080,dx_I1311
4081,dx_I132
4082,dx_I150
4083,dx_I151
4084,dx_I152
4085,dx_I158
4086,dx_I159
4087,dx_I160
4088,dx_I161
4089,dx_I169
4090,dx_I1A0
4091,dx_I200
4092,dx_I2101
4093,dx_I2102
4094,dx_I2109
4095,dx_I2111
4096,dx_I2119
4097,dx_I2121
4098,dx_I2129
4099,dx_I213
4100,dx_I214
4101,dx_I219
4102,dx_I21A1
4103,dx_I21A9
4104,dx_I21B
4105,dx_I220
4106,dx_I221
4107,dx_I228
4108,dx_I229
4109,dx_I2510
4110,dx_I252
4111,dx_I253
4112,dx_I2541
4113,dx_I2542
4114,dx_I255
4115,dx_I25810
4116,dx_I25811
4117,dx_I25812
4118,dx_I2582
4119,dx_I2583
4120,dx_I2584
4121,dx_I2585
4122,dx_I2589
4123,dx_I259
4124,dx_I270
4125,dx_I271
4126,dx_I272
4127,dx_I2720
4128,dx_I2721
4129,dx_I2722
4130,dx_I2723
4131,dx_I2724
4132,dx_I2729
4133,dx_I2781
4134,dx_I2782
4135,dx_I2783
4136,dx_I27840
4137,dx_I27841
4138,dx_I27848
4139,dx_I27849
4140,dx_I2789
4141,dx_I279
4142,dx_I280
4143,dx_I281
4144,dx_I288
4145,dx_I289
4146,dx_I330
4147,dx_I339
4148,dx_I340
4149,dx_I341
4150,dx_I342
4151,dx_I348
4152,dx_I3481
4153,dx_I3489
4154,dx_I349
4155,dx_I350
4156,dx_I351
4157,dx_I352
4158,dx_I358
4159,dx_I359
4160,dx_I360
4161,dx_I361
4162,dx_I362
4163,dx_I368
4164,dx_I369
4165,dx_I370
4166,dx_I371
4167,dx_I372
4168,dx_I378
4169,dx_I379
4170,dx_I38
4171,dx_I39
4172,dx_I42
4173,dx_I420
4174,dx_I421
4175,dx_I422
4176,dx_I423
4177,dx_I424
4178,dx_I425
4179,dx_I426
4180,dx_I427
4181,dx_I428
4182,dx_I429
4183,dx_I43
4184,dx_I440
4185,dx_I441
4186,dx_I442
4187,dx_I443
4188,dx_I4430
4189,dx_I4439
4190,dx_I444
4191,dx_I445
4192,dx_I4460
4193,dx_I4469
4194,dx_I447
4195,dx_I450
4196,dx_I4510
4197,dx_I4519
4198,dx_I452
4199,dx_I453
4200,dx_I454
4201,dx_I455
4202,dx_I456
4203,dx_I458
4204,dx_I4581
4205,dx_I4589
4206,dx_I459
4207,dx_I470
4208,dx_I471
4209,dx_I4710
4210,dx_I4711
4211,dx_I4719
4212,dx_I472
4213,dx_I4720
4214,dx_I4721
4215,dx_I4729
4216,dx_I479
4217,dx_I48
4218,dx_I480
4219,dx_I481
4220,dx_I4811
4221,dx_I4819
4222,dx_I482
4223,dx_I4820
4224,dx_I4821
4225,dx_I483
4226,dx_I484
4227,dx_I489
4228,dx_I4891
4229,dx_I4892
4230,dx_I4901
4231,dx_I4902
4232,dx_I491
4233,dx_I493
4234,dx_I4940
4235,dx_I4949
4236,dx_I495
4237,dx_I498
4238,dx_I499
4239,dx_I501
4240,dx_I502
4241,dx_I5020
4242,dx_I5021
4243,dx_I5022
4244,dx_I5023
4245,dx_I5030
4246,dx_I5031
4247,dx_I5032
4248,dx_I5033
4249,dx_I5040
4250,dx_I5041
4251,dx_I5042
4252,dx_I5043
4253,dx_I50810
4254,dx_I50811
4255,dx_I50812
4256,dx_I50813
4257,dx_I50814
4258,dx_I5082
4259,dx_I5083
4260,dx_I5084
4261,dx_I5089
4262,dx_I509
4263,dx_I515
4264,dx_I517
4265,dx_I5181
4266,dx_I6000
4267,dx_I6001
4268,dx_I6002
4269,dx_I6010
4270,dx_I6011
4271,dx_I6012
4272,dx_I602
4273,dx_I6030
4274,dx_I6031
4275,dx_I6032
4276,dx_I604
4277,dx_I6050
4278,dx_I6051
4279,dx_I606
4280,dx_I607
4281,dx_I608
4282,dx_I609
4283,dx_I610
4284,dx_I611
4285,dx_I612
4286,dx_I613
4287,dx_I614
4288,dx_I615
4289,dx_I616
4290,dx_I618
4291,dx_I619
4292,dx_I620
4293,dx_I6200
4294,dx_I6201
4295,dx_I6202
4296,dx_I6203
4297,dx_I621
4298,dx_I629
4299,dx_I6300
4300,dx_I63011
4301,dx_I63012
4302,dx_I63013
4303,dx_I63019
4304,dx_I6302
4305,dx_I63031
4306,dx_I63032
4307,dx_I63033
4308,dx_I63039
4309,dx_I6309
4310,dx_I6310
4311,dx_I63111
4312,dx_I63112
4313,dx_I63113
4314,dx_I63119
4315,dx_I6312
4316,dx_I63131
4317,dx_I63132
4318,dx_I63133
4319,dx_I63139
4320,dx_I6319
4321,dx_I6320
4322,dx_I63211
4323,dx_I63212
4324,dx_I63213
4325,dx_I63219
4326,dx_I6322
4327,dx_I63231
4328,dx_I63232
4329,dx_I63233
4330,dx_I63239
4331,dx_I6329
4332,dx_I633
4333,dx_I6330
4334,dx_I63311
4335,dx_I63312
4336,dx_I63313
4337,dx_I63319
4338,dx_I63321
4339,dx_I63322
4340,dx_I63329
4341,dx_I63331
4342,dx_I63332
4343,dx_I63333
4344,dx_I63341
4345,dx_I63342
4346,dx_I63343
4347,dx_I63349
4348,dx_I6339
4349,dx_I6340
4350,dx_I63411
4351,dx_I63412
4352,dx_I63413
4353,dx_I63419
4354,dx_I63421
4355,dx_I63422
4356,dx_I63423
4357,dx_I63431
4358,dx_I63432
4359,dx_I63433
4360,dx_I63439
4361,dx_I63441
4362,dx_I63442
4363,dx_I63443
4364,dx_I63449
4365,dx_I6349
4366,dx_I6350
4367,dx_I63511
4368,dx_I63512
4369,dx_I63513
4370,dx_I63519
4371,dx_I63521
4372,dx_I63522
4373,dx_I63523
4374,dx_I63529
4375,dx_I63531
4376,dx_I63532
4377,dx_I63533
4378,dx_I63539
4379,dx_I63541
4380,dx_I63542
4381,dx_I63543
4382,dx_I63549
4383,dx_I6359
4384,dx_I636
4385,dx_I638
4386,dx_I6381
4387,dx_I6389
4388,dx_I639
4389,dx_I6501
4390,dx_I6502
4391,dx_I6503
4392,dx_I6509
4393,dx_I651
4394,dx_I6521
4395,dx_I6522
4396,dx_I6523
4397,dx_I6529
4398,dx_I658
4399,dx_I659
4400,dx_I6601
4401,dx_I6602
4402,dx_I6603
4403,dx_I6609
4404,dx_I6611
4405,dx_I6612
4406,dx_I6613
4407,dx_I6619
4408,dx_I6621
4409,dx_I6622
4410,dx_I6623
4411,dx_I6629
4412,dx_I663
4413,dx_I668
4414,dx_I669
4415,dx_I670
4416,dx_I671
4417,dx_I672
4418,dx_I673
4419,dx_I674
4420,dx_I675
4421,dx_I676
4422,dx_I677
4423,dx_I6781
4424,dx_I6782
4425,dx_I6783
4426,dx_I67841
4427,dx_I67848
4428,dx_I67850
4429,dx_I67858
4430,dx_I6789
4431,dx_I679
4432,dx_I680
4433,dx_I682
4434,dx_I688
4435,dx_I6900
4436,dx_I69010
4437,dx_I69011
4438,dx_I69014
4439,dx_I69015
4440,dx_I69018
4441,dx_I69019
4442,dx_I69020
4443,dx_I69021
4444,dx_I69022
4445,dx_I69028
4446,dx_I69041
4447,dx_I69051
4448,dx_I69052
4449,dx_I69054
4450,dx_I69059
4451,dx_I69061
4452,dx_I69065
4453,dx_I69069
4454,dx_I69090
4455,dx_I69091
4456,dx_I69092
4457,dx_I69093
4458,dx_I69098
4459,dx_I6910
4460,dx_I6911
4461,dx_I69110
4462,dx_I69111
4463,dx_I69112
4464,dx_I69113
4465,dx_I69114
4466,dx_I69115
4467,dx_I69118
4468,dx_I69119
4469,dx_I69120
4470,dx_I69121
4471,dx_I69122
4472,dx_I69128
4473,dx_I69131
4474,dx_I69141
4475,dx_I69151
4476,dx_I69152
4477,dx_I69153
4478,dx_I69154
4479,dx_I69159
4480,dx_I69161
4481,dx_I69165
4482,dx_I69169
4483,dx_I69190
4484,dx_I69191
4485,dx_I69192
4486,dx_I69193
4487,dx_I69198
4488,dx_I6920
4489,dx_I69210
4490,dx_I69211
4491,dx_I69212
4492,dx_I69213
4493,dx_I69215
4494,dx_I69218
4495,dx_I69219
4496,dx_I69220
4497,dx_I69221
4498,dx_I69222
4499,dx_I69228
4500,dx_I69231
4501,dx_I69251
4502,dx_I69252
4503,dx_I69253
4504,dx_I69254
4505,dx_I69259
4506,dx_I69263
4507,dx_I69265
4508,dx_I69269
4509,dx_I69290
4510,dx_I69291
4511,dx_I69292
4512,dx_I69293
4513,dx_I69298
4514,dx_I6930
4515,dx_I6931
4516,dx_I69310
4517,dx_I69311
4518,dx_I69312
4519,dx_I69313
4520,dx_I69314
4521,dx_I69315
4522,dx_I69318
4523,dx_I69319
4524,dx_I69320
4525,dx_I69321
4526,dx_I69322
4527,dx_I69323
4528,dx_I69328
4529,dx_I69331
4530,dx_I69332
4531,dx_I69334
4532,dx_I69339
4533,dx_I69341
4534,dx_I69342
4535,dx_I69344
4536,dx_I69349
4537,dx_I69351
4538,dx_I69352
4539,dx_I69353
4540,dx_I69354
4541,dx_I69359
4542,dx_I69361
4543,dx_I69362
4544,dx_I69363
4545,dx_I69364
4546,dx_I69365
4547,dx_I69369
4548,dx_I69390
4549,dx_I69391
4550,dx_I69392
4551,dx_I69393
4552,dx_I69398
4553,dx_I6980
4554,dx_I6981
4555,dx_I69810
4556,dx_I69811
4557,dx_I69812
4558,dx_I69813
4559,dx_I69814
4560,dx_I69815
4561,dx_I69818
4562,dx_I69819
4563,dx_I69820
4564,dx_I69821
4565,dx_I69822
4566,dx_I69823
4567,dx_I69828
4568,dx_I69831
4569,dx_I69834
4570,dx_I69839
4571,dx_I69841
4572,dx_I69844
4573,dx_I69849
4574,dx_I69851
4575,dx_I69852
4576,dx_I69853
4577,dx_I69854
4578,dx_I69859
4579,dx_I69861
4580,dx_I69864
4581,dx_I69865
4582,dx_I69869
4583,dx_I69890
4584,dx_I69891
4585,dx_I69892
4586,dx_I69893
4587,dx_I69898
4588,dx_I6990
4589,dx_I6991
4590,dx_I69910
4591,dx_I69911
4592,dx_I69918
4593,dx_I69919
4594,dx_I69920
4595,dx_I69921
4596,dx_I69922
4597,dx_I69923
4598,dx_I69928
4599,dx_I69931
4600,dx_I69934
4601,dx_I69939
4602,dx_I69949
4603,dx_I69951
4604,dx_I69952
4605,dx_I69953
4606,dx_I69954
4607,dx_I69959
4608,dx_I69964
4609,dx_I69965
4610,dx_I69969
4611,dx_I69990
4612,dx_I69991
4613,dx_I69992
4614,dx_I69993
4615,dx_I69998
4616,dx_I700
4617,dx_I701
4618,dx_I70201
4619,dx_I70202
4620,dx_I70203
4621,dx_I70208
4622,dx_I70209
4623,dx_I70212
4624,dx_I70213
4625,dx_I70218
4626,dx_I70221
4627,dx_I70222
4628,dx_I70223
4629,dx_I70228
4630,dx_I70229
4631,dx_I70235
4632,dx_I70238
4633,dx_I70248
4634,dx_I7025
4635,dx_I70261
4636,dx_I70262
4637,dx_I70263
4638,dx_I70268
4639,dx_I70291
4640,dx_I70292
4641,dx_I70298
4642,dx_I70311
4643,dx_I708
4644,dx_I7090
4645,dx_I7091
4646,dx_I7092
4647,dx_I7100
4648,dx_I7101
4649,dx_I71010
4650,dx_I71011
4651,dx_I71012
4652,dx_I71019
4653,dx_I7102
4654,dx_I7103
4655,dx_I711
4656,dx_I7110
4657,dx_I7111
4658,dx_I7113
4659,dx_I712
4660,dx_I7120
4661,dx_I7121
4662,dx_I7122
4663,dx_I7123
4664,dx_I713
4665,dx_I7132
4666,dx_I714
4667,dx_I7140
4668,dx_I7142
4669,dx_I7143
4670,dx_I716
4671,dx_I7160
4672,dx_I7161
4673,dx_I718
4674,dx_I719
4675,dx_I720
4676,dx_I721
4677,dx_I722
4678,dx_I723
4679,dx_I724
4680,dx_I725
4681,dx_I726
4682,dx_I728
4683,dx_I729
4684,dx_I7300
4685,dx_I7301
4686,dx_I731
4687,dx_I7381
4688,dx_I7389
4689,dx_I739
4690,dx_I7401
4691,dx_I7409
4692,dx_I7410
4693,dx_I7411
4694,dx_I7419
4695,dx_I742
4696,dx_I743
4697,dx_I744
4698,dx_I745
4699,dx_I748
4700,dx_I749
4701,dx_I75013
4702,dx_I75021
4703,dx_I75022
4704,dx_I75023
4705,dx_I7589
4706,dx_I770
4707,dx_I771
4708,dx_I772
4709,dx_I773
4710,dx_I774
4711,dx_I775
4712,dx_I776
4713,dx_I7770
4714,dx_I7771
4715,dx_I7772
4716,dx_I7773
4717,dx_I7774
4718,dx_I7775
4719,dx_I7776
4720,dx_I7777
4721,dx_I7779
4722,dx_I7781
4723,dx_I77810
4724,dx_I77811
4725,dx_I77812
4726,dx_I77819
4727,dx_I7782
4728,dx_I7789
4729,dx_I779
4730,dx_I780
4731,dx_I781
4732,dx_I788
4733,dx_I789
4734,dx_I790
4735,dx_I791
4736,dx_I798
4737,dx_I81
4738,dx_I820
4739,dx_I82211
4740,dx_I82221
4741,dx_I82291
4742,dx_I82501
4743,dx_I82502
4744,dx_I82503
4745,dx_I82509
4746,dx_I82511
4747,dx_I82512
4748,dx_I82513
4749,dx_I82519
4750,dx_I82521
4751,dx_I82522
4752,dx_I82523
4753,dx_I82529
4754,dx_I82531
4755,dx_I82532
4756,dx_I82533
4757,dx_I82539
4758,dx_I82541
4759,dx_I82542
4760,dx_I82549
4761,dx_I82551
4762,dx_I82552
4763,dx_I82561
4764,dx_I82562
4765,dx_I82591
4766,dx_I82592
4767,dx_I82593
4768,dx_I82599
4769,dx_I825Y1
4770,dx_I825Y2
4771,dx_I825Y3
4772,dx_I825Y9
4773,dx_I825Z1
4774,dx_I825Z2
4775,dx_I825Z3
4776,dx_I825Z9
4777,dx_I82719
4778,dx_I82729
4779,dx_I82891
4780,dx_I82A29
4781,dx_I82B29
4782,dx_I82C29
4783,dx_I8500
4784,dx_I8501
4785,dx_I8510
4786,dx_I8511
4787,dx_I864
4788,dx_I890
4789,dx_I97130
4790,dx_I97131
4791,dx_J40
4792,dx_J410
4793,dx_J411
4794,dx_J418
4795,dx_J42
4796,dx_J43
4797,dx_J430
4798,dx_J431
4799,dx_J432
4800,dx_J438
4801,dx_J439
4802,dx_J440
4803,dx_J441
4804,dx_J448
4805,dx_J4481
4806,dx_J4489
4807,dx_J449
4808,dx_J45
4809,dx_J452
4810,dx_J4520
4811,dx_J4521
4812,dx_J4522
4813,dx_J453
4814,dx_J4530
4815,dx_J4531
4816,dx_J4532
4817,dx_J454
4818,dx_J4540
4819,dx_J4541
4820,dx_J4542
4821,dx_J455
4822,dx_J4550
4823,dx_J4551
4824,dx_J4552
4825,dx_J459
4826,dx_J4590
4827,dx_J45901
4828,dx_J45902
4829,dx_J45909
4830,dx_J45990
4831,dx_J45991
4832,dx_J45998
4833,dx_J470
4834,dx_J471
4835,dx_J479
4836,dx_J4A0
4837,dx_J4A8
4838,dx_J4A9
4839,dx_J620
4840,dx_J628
4841,dx_J630
4842,dx_J632
4843,dx_J633
4844,dx_J634
4845,dx_J635
4846,dx_J636
4847,dx_J64
4848,dx_J65
4849,dx_J660
4850,dx_J662
4851,dx_J668
4852,dx_J670
4853,dx_J671
4854,dx_J672
4855,dx_J676
4856,dx_J677
4857,dx_J678
4858,dx_J679
4859,dx_J684
4860,dx_J701
4861,dx_J703
4862,dx_J8401
4863,dx_J8402
4864,dx_J8403
4865,dx_J8409
4866,dx_J8410
4867,dx_J84111
4868,dx_J84112
4869,dx_J84113
4870,dx_J84114
4871,dx_J84115
4872,dx_J84116
4873,dx_J84117
4874,dx_J8417
4875,dx_J84170
4876,dx_J84178
4877,dx_J842
4878,dx_J8481
4879,dx_J8483
4880,dx_J84841
4881,dx_J84842
4882,dx_J84843
4883,dx_J84848
4884,dx_J8489
4885,dx_J849
4886,dx_J9500
4887,dx_J9501
4888,dx_J9502
4889,dx_J9503
4890,dx_J9504
4891,dx_J9509
4892,dx_J95850
4893,dx_J9610
4894,dx_J9611
4895,dx_J9612
4896,dx_J9620
4897,dx_J9621
4898,dx_J9622
4899,dx_J985
4900,dx_J9851
4901,dx_J9859
4902,dx_J986
4903,dx_K110
4904,dx_K111
4905,dx_K117
4906,dx_K200
4907,dx_K220
4908,dx_K224
4909,dx_K225
4910,dx_K2270
4911,dx_K22710
4912,dx_K22711
4913,dx_K22719
4914,dx_K228
4915,dx_K2281
4916,dx_K2282
4917,dx_K2289
4918,dx_K250
4919,dx_K251
4920,dx_K252
4921,dx_K253
4922,dx_K254
4923,dx_K255
4924,dx_K256
4925,dx_K257
4926,dx_K259
4927,dx_K260
4928,dx_K261
4929,dx_K262
4930,dx_K263
4931,dx_K264
4932,dx_K265
4933,dx_K266
4934,dx_K267
4935,dx_K269
4936,dx_K270
4937,dx_K271
4938,dx_K272
4939,dx_K273
4940,dx_K274
4941,dx_K275
4942,dx_K277
4943,dx_K279
4944,dx_K280
4945,dx_K281
4946,dx_K282
4947,dx_K283
4948,dx_K284
4949,dx_K285
4950,dx_K287
4951,dx_K289
4952,dx_K2920
4953,dx_K2921
4954,dx_K3184
4955,dx_K31A0
4956,dx_K31A11
4957,dx_K31A12
4958,dx_K31A13
4959,dx_K31A14
4960,dx_K31A15
4961,dx_K31A19
4962,dx_K31A21
4963,dx_K31A29
4964,dx_K449
4965,dx_K50
4966,dx_K500
4967,dx_K5000
4968,dx_K50011
4969,dx_K50012
4970,dx_K50013
4971,dx_K50014
4972,dx_K50018
4973,dx_K50019
4974,dx_K5010
4975,dx_K50111
4976,dx_K50112
4977,dx_K50113
4978,dx_K50114
4979,dx_K50118
4980,dx_K50119
4981,dx_K508
4982,dx_K5080
4983,dx_K50811
4984,dx_K50812
4985,dx_K50813
4986,dx_K50814
4987,dx_K50818
4988,dx_K50819
4989,dx_K509
4990,dx_K5090
4991,dx_K50911
4992,dx_K50912
4993,dx_K50913
4994,dx_K50914
4995,dx_K50918
4996,dx_K50919
4997,dx_K510
4998,dx_K5100
4999,dx_K51011
5000,dx_K51012
5001,dx_K51013
5002,dx_K51014
5003,dx_K51018
5004,dx_K51019
5005,dx_K5120
5006,dx_K5121
5007,dx_K51211
5008,dx_K51212
5009,dx_K51213
5010,dx_K51214
5011,dx_K51218
5012,dx_K51219
5013,dx_K5130
5014,dx_K51311
5015,dx_K51312
5016,dx_K51313
5017,dx_K51314
5018,dx_K51318
5019,dx_K51319
5020,dx_K5140
5021,dx_K51411
5022,dx_K51414
5023,dx_K51418
5024,dx_K51419
5025,dx_K5150
5026,dx_K51511
5027,dx_K51512
5028,dx_K51513
5029,dx_K51514
5030,dx_K51518
5031,dx_K51519
5032,dx_K5180
5033,dx_K51811
5034,dx_K51812
5035,dx_K51813
5036,dx_K51814
5037,dx_K51818
5038,dx_K51819
5039,dx_K519
5040,dx_K5190
5041,dx_K51911
5042,dx_K51912
5043,dx_K51913
5044,dx_K51914
5045,dx_K51918
5046,dx_K51919
5047,dx_K551
5048,dx_K558
5049,dx_K559
5050,dx_K562
5051,dx_K58
5052,dx_K580
5053,dx_K581
5054,dx_K582
5055,dx_K588
5056,dx_K589
5057,dx_K593
5058,dx_K5931
5059,dx_K5939
5060,dx_K60312
5061,dx_K60313
5062,dx_K60322
5063,dx_K60323
5064,dx_K60412
5065,dx_K60422
5066,dx_K60512
5067,dx_K60513
5068,dx_K60522
5069,dx_K624
5070,dx_K6282
5071,dx_K632
5072,dx_K700
5073,dx_K7010
5074,dx_K7030
5075,dx_K7031
5076,dx_K709
5077,dx_K7110
5078,dx_K7111
5079,dx_K713
5080,dx_K7150
5081,dx_K7151
5082,dx_K716
5083,dx_K717
5084,dx_K718
5085,dx_K7210
5086,dx_K7211
5087,dx_K7290
5088,dx_K7291
5089,dx_K730
5090,dx_K731
5091,dx_K732
5092,dx_K738
5093,dx_K739
5094,dx_K740
5095,dx_K7400
5096,dx_K7401
5097,dx_K7402
5098,dx_K741
5099,dx_K742
5100,dx_K743
5101,dx_K744
5102,dx_K745
5103,dx_K746
5104,dx_K7460
5105,dx_K7469
5106,dx_K751
5107,dx_K752
5108,dx_K753
5109,dx_K754
5110,dx_K7581
5111,dx_K7589
5112,dx_K759
5113,dx_K760
5114,dx_K761
5115,dx_K762
5116,dx_K763
5117,dx_K764
5118,dx_K765
5119,dx_K766
5120,dx_K767
5121,dx_K768
5122,dx_K7681
5123,dx_K7682
5124,dx_K7689
5125,dx_K769
5126,dx_K77
5127,dx_K811
5128,dx_K823
5129,dx_K824
5130,dx_K828
5131,dx_K8301
5132,dx_K833
5133,dx_K834
5134,dx_K835
5135,dx_K838
5136,dx_K861
5137,dx_K862
5138,dx_K863
5139,dx_K868
5140,dx_K8681
5141,dx_K8689
5142,dx_K900
5143,dx_K901
5144,dx_K902
5145,dx_K903
5146,dx_K9081
5147,dx_K9082
5148,dx_K90821
5149,dx_K90822
5150,dx_K90829
5151,dx_K9083
5152,dx_K9089
5153,dx_K915
5154,dx_K9182
5155,dx_K9420
5156,dx_K9421
5157,dx_K9422
5158,dx_K9423
5159,dx_K9429
5160,dx_L100
5161,dx_L101
5162,dx_L102
5163,dx_L104
5164,dx_L109
5165,dx_L120
5166,dx_L121
5167,dx_L122
5168,dx_L128
5169,dx_L130
5170,dx_L131
5171,dx_L138
5172,dx_L139
5173,dx_L4050
5174,dx_L4051
5175,dx_L4054
5176,dx_L4059
5177,dx_L574
5178,dx_L744
5179,dx_L89
5180,dx_L89000
5181,dx_L89001
5182,dx_L89002
5183,dx_L89003
5184,dx_L89009
5185,dx_L89010
5186,dx_L89011
5187,dx_L89012
5188,dx_L89013
5189,dx_L89014
5190,dx_L89016
5191,dx_L89019
5192,dx_L89020
5193,dx_L89021
5194,dx_L89022
5195,dx_L89023
5196,dx_L89024
5197,dx_L89026
5198,dx_L89029
5199,dx_L89100
5200,dx_L89101
5201,dx_L89102
5202,dx_L89103
5203,dx_L89104
5204,dx_L89106
5205,dx_L89109
5206,dx_L89110
5207,dx_L89111
5208,dx_L89112
5209,dx_L89113
5210,dx_L89114
5211,dx_L89116
5212,dx_L89119
5213,dx_L89120
5214,dx_L89121
5215,dx_L89122
5216,dx_L89123
5217,dx_L89124
5218,dx_L89126
5219,dx_L89129
5220,dx_L89130
5221,dx_L89131
5222,dx_L89132
5223,dx_L89133
5224,dx_L89134
5225,dx_L89136
5226,dx_L89139
5227,dx_L89140
5228,dx_L89141
5229,dx_L89142
5230,dx_L89143
5231,dx_L89144
5232,dx_L89146
5233,dx_L89149
5234,dx_L8915
5235,dx_L89150
5236,dx_L89151
5237,dx_L89152
5238,dx_L89153
5239,dx_L89154
5240,dx_L89156
5241,dx_L89159
5242,dx_L89200
5243,dx_L89201
5244,dx_L89202
5245,dx_L89203
5246,dx_L89204
5247,dx_L89206
5248,dx_L89209
5249,dx_L89210
5250,dx_L89211
5251,dx_L89212
5252,dx_L89213
5253,dx_L89214
5254,dx_L89216
5255,dx_L89219
5256,dx_L89220
5257,dx_L89221
5258,dx_L89222
5259,dx_L89223
5260,dx_L89224
5261,dx_L89226
5262,dx_L89229
5263,dx_L89300
5264,dx_L89301
5265,dx_L89302
5266,dx_L89303
5267,dx_L89304
5268,dx_L89306
5269,dx_L89309
5270,dx_L89310
5271,dx_L89311
5272,dx_L89312
5273,dx_L89313
5274,dx_L89314
5275,dx_L89316
5276,dx_L89319
5277,dx_L89320
5278,dx_L89321
5279,dx_L89322
5280,dx_L89323
5281,dx_L89324
5282,dx_L89326
5283,dx_L89329
5284,dx_L8940
5285,dx_L8941
5286,dx_L8942
5287,dx_L8943
5288,dx_L8944
5289,dx_L8945
5290,dx_L8946
5291,dx_L89500
5292,dx_L89501
5293,dx_L89502
5294,dx_L89509
5295,dx_L89510
5296,dx_L89511
5297,dx_L89512
5298,dx_L89513
5299,dx_L89514
5300,dx_L89516
5301,dx_L89519
5302,dx_L89520
5303,dx_L89521
5304,dx_L89522
5305,dx_L89523
5306,dx_L89524
5307,dx_L89526
5308,dx_L89529
5309,dx_L89600
5310,dx_L89601
5311,dx_L89602
5312,dx_L89603
5313,dx_L89606
5314,dx_L89609
5315,dx_L89610
5316,dx_L89611
5317,dx_L89612
5318,dx_L89613
5319,dx_L89614
5320,dx_L89616
5321,dx_L89619
5322,dx_L89620
5323,dx_L89621
5324,dx_L89622
5325,dx_L89623
5326,dx_L89624
5327,dx_L89626
5328,dx_L89629
5329,dx_L89810
5330,dx_L89811
5331,dx_L89812
5332,dx_L89813
5333,dx_L89814
5334,dx_L89816
5335,dx_L89819
5336,dx_L89890
5337,dx_L89891
5338,dx_L89892
5339,dx_L89893
5340,dx_L89894
5341,dx_L89896
5342,dx_L89899
5343,dx_L899
5344,dx_L8990
5345,dx_L8991
5346,dx_L8992
5347,dx_L8993
5348,dx_L8994
5349,dx_L8995
5350,dx_L8996
5351,dx_L900
5352,dx_L904
5353,dx_L930
5354,dx_L932
5355,dx_L940
5356,dx_L941
5357,dx_L943
5358,dx_L97102
5359,dx_L97103
5360,dx_L97109
5361,dx_L97111
5362,dx_L97112
5363,dx_L97113
5364,dx_L97118
5365,dx_L97119
5366,dx_L97121
5367,dx_L97122
5368,dx_L97124
5369,dx_L97126
5370,dx_L97128
5371,dx_L97129
5372,dx_L97209
5373,dx_L97211
5374,dx_L97212
5375,dx_L97213
5376,dx_L97218
5377,dx_L97219
5378,dx_L97221
5379,dx_L97222
5380,dx_L97223
5381,dx_L97226
5382,dx_L97228
5383,dx_L97229
5384,dx_L97301
5385,dx_L97309
5386,dx_L97311
5387,dx_L97312
5388,dx_L97313
5389,dx_L97314
5390,dx_L97315
5391,dx_L97318
5392,dx_L97319
5393,dx_L97321
5394,dx_L97322
5395,dx_L97323
5396,dx_L97326
5397,dx_L97328
5398,dx_L97329
5399,dx_L97401
5400,dx_L97402
5401,dx_L97409
5402,dx_L97411
5403,dx_L97412
5404,dx_L97414
5405,dx_L97416
5406,dx_L97418
5407,dx_L97419
5408,dx_L97421
5409,dx_L97422
5410,dx_L97424
5411,dx_L97426
5412,dx_L97428
5413,dx_L97429
5414,dx_L97501
5415,dx_L97503
5416,dx_L97508
5417,dx_L97509
5418,dx_L97511
5419,dx_L97512
5420,dx_L97514
5421,dx_L97516
5422,dx_L97518
5423,dx_L97519
5424,dx_L97521
5425,dx_L97522
5426,dx_L97523
5427,dx_L97524
5428,dx_L97525
5429,dx_L97526
5430,dx_L97528
5431,dx_L97529
5432,dx_L97801
5433,dx_L97809
5434,dx_L97811
5435,dx_L97812
5436,dx_L97813
5437,dx_L97814
5438,dx_L97815
5439,dx_L97816
5440,dx_L97818
5441,dx_L97819
5442,dx_L97821
5443,dx_L97822
5444,dx_L97823
5445,dx_L97824
5446,dx_L97826
5447,dx_L97828
5448,dx_L97829
5449,dx_L97901
5450,dx_L97902
5451,dx_L97909
5452,dx_L97911
5453,dx_L97912
5454,dx_L97913
5455,dx_L97918
5456,dx_L97919
5457,dx_L97921
5458,dx_L97922
5459,dx_L97924
5460,dx_L97925
5461,dx_L97929
5462,dx_L98411
5463,dx_L98412
5464,dx_L98413
5465,dx_L98418
5466,dx_L98419
5467,dx_L98421
5468,dx_L98422
5469,dx_L98423
5470,dx_L98424
5471,dx_L98426
5472,dx_L98428
5473,dx_L98429
5474,dx_L98431
5475,dx_L98439
5476,dx_L98441
5477,dx_L98451
5478,dx_L98452
5479,dx_L98459
5480,dx_L98461
5481,dx_L98469
5482,dx_L98471
5483,dx_L98472
5484,dx_L98476
5485,dx_L98479
5486,dx_L98491
5487,dx_L98492
5488,dx_L98493
5489,dx_L98494
5490,dx_L98495
5491,dx_L98496
5492,dx_L98498
5493,dx_L98499
5494,dx_L988
5495,dx_M041
5496,dx_M0500
5497,dx_M0510
5498,dx_M0519
5499,dx_M0520
5500,dx_M05241
5501,dx_M0529
5502,dx_M0530
5503,dx_M0540
5504,dx_M05462
5505,dx_M0550
5506,dx_M05562
5507,dx_M05571
5508,dx_M0560
5509,dx_M05661
5510,dx_M05662
5511,dx_M05672
5512,dx_M0569
5513,dx_M0570
5514,dx_M05711
5515,dx_M05712
5516,dx_M05731
5517,dx_M05732
5518,dx_M05741
5519,dx_M05742
5520,dx_M05752
5521,dx_M05761
5522,dx_M05762
5523,dx_M05771
5524,dx_M05772
5525,dx_M0579
5526,dx_M057A
5527,dx_M0580
5528,dx_M05811
5529,dx_M05831
5530,dx_M05832
5531,dx_M05841
5532,dx_M05842
5533,dx_M05861
5534,dx_M05862
5535,dx_M05871
5536,dx_M05872
5537,dx_M0589
5538,dx_M058A
5539,dx_M059
5540,dx_M05A
5541,dx_M0600
5542,dx_M06021
5543,dx_M06031
5544,dx_M06032
5545,dx_M06041
5546,dx_M06042
5547,dx_M06049
5548,dx_M06052
5549,dx_M06061
5550,dx_M06062
5551,dx_M06071
5552,dx_M06072
5553,dx_M0609
5554,dx_M060A
5555,dx_M061
5556,dx_M06262
5557,dx_M06271
5558,dx_M0630
5559,dx_M06321
5560,dx_M06322
5561,dx_M06329
5562,dx_M06331
5563,dx_M06332
5564,dx_M06341
5565,dx_M06342
5566,dx_M06349
5567,dx_M06361
5568,dx_M06362
5569,dx_M06371
5570,dx_M06372
5571,dx_M0638
5572,dx_M0639
5573,dx_M064
5574,dx_M0680
5575,dx_M06831
5576,dx_M06832
5577,dx_M06841
5578,dx_M06842
5579,dx_M06852
5580,dx_M06861
5581,dx_M06862
5582,dx_M06871
5583,dx_M06872
5584,dx_M0688
5585,dx_M0689
5586,dx_M068A
5587,dx_M069
5588,dx_M0760
5589,dx_M07611
5590,dx_M07621
5591,dx_M07622
5592,dx_M07631
5593,dx_M07639
5594,dx_M07641
5595,dx_M07642
5596,dx_M07649
5597,dx_M07651
5598,dx_M07652
5599,dx_M07661
5600,dx_M07662
5601,dx_M07669
5602,dx_M07671
5603,dx_M07672
5604,dx_M07679
5605,dx_M0768
5606,dx_M0769
5607,dx_M0800
5608,dx_M08011
5609,dx_M08012
5610,dx_M08019
5611,dx_M08021
5612,dx_M08022
5613,dx_M0803
5614,dx_M08031
5615,dx_M08032
5616,dx_M08039
5617,dx_M08041
5618,dx_M08042
5619,dx_M08049
5620,dx_M08051
5621,dx_M08052
5622,dx_M08059
5623,dx_M08061
5624,dx_M08062
5625,dx_M08069
5626,dx_M08071
5627,dx_M08072
5628,dx_M08079
5629,dx_M0808
5630,dx_M0809
5631,dx_M080A
5632,dx_M081
5633,dx_M0820
5634,dx_M08211
5635,dx_M08212
5636,dx_M08219
5637,dx_M08221
5638,dx_M08222
5639,dx_M08229
5640,dx_M08231
5641,dx_M08232
5642,dx_M08239
5643,dx_M08241
5644,dx_M08242
5645,dx_M08249
5646,dx_M08251
5647,dx_M08252
5648,dx_M08259
5649,dx_M08261
5650,dx_M08262
5651,dx_M08269
5652,dx_M08271
5653,dx_M08272
5654,dx_M08279
5655,dx_M0828
5656,dx_M0829
5657,dx_M082A
5658,dx_M083
5659,dx_M0840
5660,dx_M08411
5661,dx_M08412
5662,dx_M08419
5663,dx_M08421
5664,dx_M08422
5665,dx_M08431
5666,dx_M08432
5667,dx_M08439
5668,dx_M08441
5669,dx_M08442
5670,dx_M08449
5671,dx_M08451
5672,dx_M08452
5673,dx_M08459
5674,dx_M08461
5675,dx_M08462
5676,dx_M08469
5677,dx_M08471
5678,dx_M08472
5679,dx_M08479
5680,dx_M0848
5681,dx_M084A
5682,dx_M0880
5683,dx_M08811
5684,dx_M08812
5685,dx_M08821
5686,dx_M08822
5687,dx_M0883
5688,dx_M08831
5689,dx_M08832
5690,dx_M08839
5691,dx_M08841
5692,dx_M08842
5693,dx_M08849
5694,dx_M08851
5695,dx_M08852
5696,dx_M08859
5697,dx_M08861
5698,dx_M08862
5699,dx_M08869
5700,dx_M08871
5701,dx_M08872
5702,dx_M08879
5703,dx_M0888
5704,dx_M0889
5705,dx_M089
5706,dx_M0890
5707,dx_M08911
5708,dx_M08912
5709,dx_M08919
5710,dx_M08921
5711,dx_M08922
5712,dx_M08929
5713,dx_M08931
5714,dx_M08932
5715,dx_M08939
5716,dx_M08941
5717,dx_M08942
5718,dx_M08949
5719,dx_M08951
5720,dx_M08952
5721,dx_M08959
5722,dx_M08961
5723,dx_M08962
5724,dx_M08969
5725,dx_M08971
5726,dx_M08972
5727,dx_M08979
5728,dx_M0898
5729,dx_M0899
5730,dx_M089A
5731,dx_M1000
5732,dx_M10062
5733,dx_M10071
5734,dx_M10072
5735,dx_M10079
5736,dx_M1030
5737,dx_M10371
5738,dx_M10372
5739,dx_M10379
5740,dx_M1039
5741,dx_M10471
5742,dx_M10472
5743,dx_M1049
5744,dx_M109
5745,dx_M1120
5746,dx_M11212
5747,dx_M11221
5748,dx_M11242
5749,dx_M11251
5750,dx_M11252
5751,dx_M11262
5752,dx_M11272
5753,dx_M11279
5754,dx_M1128
5755,dx_M1180
5756,dx_M11851
5757,dx_M11862
5758,dx_M11871
5759,dx_M119
5760,dx_M1200
5761,dx_M12062
5762,dx_M1A0711
5763,dx_M1A09X0
5764,dx_M1A3710
5765,dx_M1A39X0
5766,dx_M1A4490
5767,dx_M1A4711
5768,dx_M1A9XX1
5769,dx_M21051
5770,dx_M21052
5771,dx_M21059
5772,dx_M21151
5773,dx_M21152
5774,dx_M21159
5775,dx_M21331
5776,dx_M21332
5777,dx_M21339
5778,dx_M21371
5779,dx_M21372
5780,dx_M21379
5781,dx_M21511
5782,dx_M21512
5783,dx_M21519
5784,dx_M21521
5785,dx_M21522
5786,dx_M21529
5787,dx_M21531
5788,dx_M21532
5789,dx_M21539
5790,dx_M21541
5791,dx_M21542
5792,dx_M21549
5793,dx_M216X1
5794,dx_M216X2
5795,dx_M216X9
5796,dx_M21751
5797,dx_M21752
5798,dx_M21759
5799,dx_M21761
5800,dx_M21762
5801,dx_M21763
5802,dx_M21764
5803,dx_M21769
5804,dx_M23200
5805,dx_M23201
5806,dx_M23202
5807,dx_M23203
5808,dx_M23204
5809,dx_M23205
5810,dx_M23206
5811,dx_M23207
5812,dx_M23209
5813,dx_M23211
5814,dx_M23212
5815,dx_M23219
5816,dx_M23221
5817,dx_M23222
5818,dx_M23231
5819,dx_M23232
5820,dx_M23241
5821,dx_M23242
5822,dx_M23251
5823,dx_M23252
5824,dx_M23261
5825,dx_M23262
5826,dx_M23269
5827,dx_M23300
5828,dx_M23301
5829,dx_M23302
5830,dx_M23303
5831,dx_M23304
5832,dx_M23305
5833,dx_M23306
5834,dx_M23307
5835,dx_M23309
5836,dx_M23311
5837,dx_M23312
5838,dx_M23321
5839,dx_M23322
5840,dx_M23329
5841,dx_M23331
5842,dx_M23332
5843,dx_M23341
5844,dx_M23342
5845,dx_M23351
5846,dx_M23352
5847,dx_M23359
5848,dx_M23361
5849,dx_M23362
5850,dx_M23369
5851,dx_M2410
5852,dx_M24111
5853,dx_M24112
5854,dx_M24119
5855,dx_M24121
5856,dx_M24122
5857,dx_M24129
5858,dx_M24131
5859,dx_M24132
5860,dx_M24139
5861,dx_M24142
5862,dx_M24151
5863,dx_M24152
5864,dx_M24159
5865,dx_M24171
5866,dx_M24172
5867,dx_M24173
5868,dx_M24174
5869,dx_M24175
5870,dx_M2419
5871,dx_M2420
5872,dx_M24211
5873,dx_M24212
5874,dx_M24219
5875,dx_M24221
5876,dx_M24222
5877,dx_M24229
5878,dx_M24231
5879,dx_M24232
5880,dx_M24239
5881,dx_M24241
5882,dx_M24242
5883,dx_M24249
5884,dx_M24251
5885,dx_M24252
5886,dx_M24259
5887,dx_M24271
5888,dx_M24272
5889,dx_M24273
5890,dx_M24274
5891,dx_M24275
5892,dx_M24276
5893,dx_M2428
5894,dx_M2429
5895,dx_M2430
5896,dx_M24311
5897,dx_M24312
5898,dx_M24319
5899,dx_M24321
5900,dx_M24322
5901,dx_M24329
5902,dx_M24331
5903,dx_M24332
5904,dx_M24341
5905,dx_M24342
5906,dx_M24351
5907,dx_M24352
5908,dx_M24359
5909,dx_M24361
5910,dx_M24362
5911,dx_M24369
5912,dx_M24371
5913,dx_M24372
5914,dx_M24374
5915,dx_M24375
5916,dx_M2439
5917,dx_M2449
5918,dx_M245
5919,dx_M2450
5920,dx_M24511
5921,dx_M24512
5922,dx_M24519
5923,dx_M24521
5924,dx_M24522
5925,dx_M24529
5926,dx_M24531
5927,dx_M24532
5928,dx_M24539
5929,dx_M24541
5930,dx_M24542
5931,dx_M24549
5932,dx_M24551
5933,dx_M24552
5934,dx_M24559
5935,dx_M24561
5936,dx_M24562
5937,dx_M24569
5938,dx_M24571
5939,dx_M24572
5940,dx_M24573
5941,dx_M24574
5942,dx_M24575
5943,dx_M24576
5944,dx_M2459
5945,dx_M2460
5946,dx_M24611
5947,dx_M24612
5948,dx_M24621
5949,dx_M24622
5950,dx_M24629
5951,dx_M24631
5952,dx_M24632
5953,dx_M24639
5954,dx_M24641
5955,dx_M24642
5956,dx_M24649
5957,dx_M24651
5958,dx_M24652
5959,dx_M24659
5960,dx_M24661
5961,dx_M24662
5962,dx_M24669
5963,dx_M24671
5964,dx_M24672
5965,dx_M24674
5966,dx_M24675
5967,dx_M2469
5968,dx_M247
5969,dx_M2480
5970,dx_M24811
5971,dx_M24812
5972,dx_M24819
5973,dx_M24821
5974,dx_M24822
5975,dx_M24829
5976,dx_M24831
5977,dx_M24832
5978,dx_M24839
5979,dx_M24841
5980,dx_M24842
5981,dx_M24849
5982,dx_M24851
5983,dx_M24852
5984,dx_M24859
5985,dx_M24871
5986,dx_M24872
5987,dx_M24874
5988,dx_M24875
5989,dx_M24876
5990,dx_M2489
5991,dx_M278
5992,dx_M300
5993,dx_M301
5994,dx_M302
5995,dx_M303
5996,dx_M308
5997,dx_M310
5998,dx_M311
5999,dx_M3110
6000,dx_M3111
6001,dx_M3119
6002,dx_M312
6003,dx_M3130
6004,dx_M3131
6005,dx_M314
6006,dx_M316
6007,dx_M317
6008,dx_M318
6009,dx_M319
6010,dx_M32
6011,dx_M320
6012,dx_M321
6013,dx_M3210
6014,dx_M3211
6015,dx_M3212
6016,dx_M3213
6017,dx_M3214
6018,dx_M3215
6019,dx_M3219
6020,dx_M328
6021,dx_M329
6022,dx_M330
6023,dx_M3300
6024,dx_M3301
6025,dx_M3302
6026,dx_M3303
6027,dx_M3309
6028,dx_M331
6029,dx_M3310
6030,dx_M3311
6031,dx_M3312
6032,dx_M3313
6033,dx_M3319
6034,dx_M3320
6035,dx_M3321
6036,dx_M3322
6037,dx_M3329
6038,dx_M3390
6039,dx_M3391
6040,dx_M3392
6041,dx_M3393
6042,dx_M3399
6043,dx_M340
6044,dx_M341
6045,dx_M342
6046,dx_M348
6047,dx_M3481
6048,dx_M3482
6049,dx_M3483
6050,dx_M3489
6051,dx_M349
6052,dx_M3500
6053,dx_M3501
6054,dx_M3502
6055,dx_M3503
6056,dx_M3504
6057,dx_M3505
6058,dx_M3506
6059,dx_M3507
6060,dx_M3508
6061,dx_M3509
6062,dx_M350A
6063,dx_M350B
6064,dx_M350C
6065,dx_M351
6066,dx_M352
6067,dx_M353
6068,dx_M355
6069,dx_M356
6070,dx_M358
6071,dx_M3581
6072,dx_M3589
6073,dx_M359
6074,dx_M361
6075,dx_M368
6076,dx_M4000
6077,dx_M4003
6078,dx_M4004
6079,dx_M4005
6080,dx_M40202
6081,dx_M40203
6082,dx_M40204
6083,dx_M40205
6084,dx_M40209
6085,dx_M41
6086,dx_M4100
6087,dx_M4102
6088,dx_M4103
6089,dx_M4104
6090,dx_M4105
6091,dx_M4106
6092,dx_M4107
6093,dx_M4108
6094,dx_M411
6095,dx_M41112
6096,dx_M41113
6097,dx_M41114
6098,dx_M41115
6099,dx_M41116
6100,dx_M41117
6101,dx_M41119
6102,dx_M41122
6103,dx_M41123
6104,dx_M41124
6105,dx_M41125
6106,dx_M41126
6107,dx_M41127
6108,dx_M41129
6109,dx_M4120
6110,dx_M4122
6111,dx_M4123
6112,dx_M4124
6113,dx_M4125
6114,dx_M4126
6115,dx_M4127
6116,dx_M4130
6117,dx_M4134
6118,dx_M4135
6119,dx_M414
6120,dx_M4140
6121,dx_M4141
6122,dx_M4142
6123,dx_M4143
6124,dx_M4144
6125,dx_M4145
6126,dx_M4146
6127,dx_M4147
6128,dx_M415
6129,dx_M4150
6130,dx_M4152
6131,dx_M4153
6132,dx_M4154
6133,dx_M4155
6134,dx_M4156
6135,dx_M4157
6136,dx_M418
6137,dx_M4180
6138,dx_M4182
6139,dx_M4183
6140,dx_M4184
6141,dx_M4185
6142,dx_M4186
6143,dx_M4187
6144,dx_M419
6145,dx_M4200
6146,dx_M4202
6147,dx_M4203
6148,dx_M4204
6149,dx_M4205
6150,dx_M4206
6151,dx_M4207
6152,dx_M4208
6153,dx_M4209
6154,dx_M4300
6155,dx_M4301
6156,dx_M4302
6157,dx_M4303
6158,dx_M4304
6159,dx_M4305
6160,dx_M4306
6161,dx_M4307
6162,dx_M4308
6163,dx_M4309
6164,dx_M431
6165,dx_M4310
6166,dx_M4311
6167,dx_M4312
6168,dx_M4313
6169,dx_M4314
6170,dx_M4315
6171,dx_M4316
6172,dx_M4317
6173,dx_M4318
6174,dx_M4319
6175,dx_M433
6176,dx_M438X1
6177,dx_M438X2
6178,dx_M438X3
6179,dx_M438X4
6180,dx_M438X5
6181,dx_M438X6
6182,dx_M438X7
6183,dx_M438X8
6184,dx_M438X9
6185,dx_M450
6186,dx_M451
6187,dx_M452
6188,dx_M453
6189,dx_M454
6190,dx_M455
6191,dx_M456
6192,dx_M457
6193,dx_M458
6194,dx_M459
6195,dx_M45A0
6196,dx_M45A2
6197,dx_M45A4
6198,dx_M45A6
6199,dx_M45A7
6200,dx_M45A8
6201,dx_M4600
6202,dx_M4602
6203,dx_M4604
6204,dx_M4605
6205,dx_M4606
6206,dx_M4607
6207,dx_M4608
6208,dx_M4609
6209,dx_M461
6210,dx_M4680
6211,dx_M4682
6212,dx_M4684
6213,dx_M4686
6214,dx_M4687
6215,dx_M4689
6216,dx_M4690
6217,dx_M4691
6218,dx_M4692
6219,dx_M4693
6220,dx_M4694
6221,dx_M4696
6222,dx_M4697
6223,dx_M4698
6224,dx_M4699
6225,dx_M4710
6226,dx_M4711
6227,dx_M4712
6228,dx_M4713
6229,dx_M4714
6230,dx_M4716
6231,dx_M47812
6232,dx_M47813
6233,dx_M47814
6234,dx_M47815
6235,dx_M47816
6236,dx_M47817
6237,dx_M47818
6238,dx_M47819
6239,dx_M4810
6240,dx_M4814
6241,dx_M4815
6242,dx_M4816
6243,dx_M4820
6244,dx_M4826
6245,dx_M4827
6246,dx_M4831
6247,dx_M4833
6248,dx_M4834
6249,dx_M4836
6250,dx_M4837
6251,dx_M4838
6252,dx_M489
6253,dx_M4980
6254,dx_M4983
6255,dx_M4984
6256,dx_M4985
6257,dx_M5000
6258,dx_M5001
6259,dx_M50020
6260,dx_M50021
6261,dx_M50022
6262,dx_M50023
6263,dx_M5003
6264,dx_M5020
6265,dx_M5021
6266,dx_M5022
6267,dx_M50220
6268,dx_M50221
6269,dx_M50222
6270,dx_M50223
6271,dx_M5023
6272,dx_M5030
6273,dx_M5031
6274,dx_M5032
6275,dx_M50321
6276,dx_M50322
6277,dx_M50323
6278,dx_M5033
6279,dx_M5106
6280,dx_M5134
6281,dx_M5135
6282,dx_M5136
6283,dx_M51360
6284,dx_M51361
6285,dx_M51362
6286,dx_M51369
6287,dx_M5137
6288,dx_M51370
6289,dx_M51371
6290,dx_M51372
6291,dx_M51379
6292,dx_M5144
6293,dx_M5145
6294,dx_M5146
6295,dx_M5147
6296,dx_M519
6297,dx_M51A0
6298,dx_M51A3
6299,dx_M51A4
6300,dx_M6100
6301,dx_M61011
6302,dx_M61051
6303,dx_M61052
6304,dx_M61059
6305,dx_M61061
6306,dx_M6108
6307,dx_M6110
6308,dx_M61111
6309,dx_M61112
6310,dx_M61121
6311,dx_M61122
6312,dx_M61141
6313,dx_M61146
6314,dx_M61151
6315,dx_M61152
6316,dx_M61161
6317,dx_M61162
6318,dx_M61179
6319,dx_M6118
6320,dx_M6119
6321,dx_M61251
6322,dx_M61332
6323,dx_M61362
6324,dx_M6140
6325,dx_M61412
6326,dx_M61421
6327,dx_M61422
6328,dx_M61431
6329,dx_M61432
6330,dx_M61441
6331,dx_M61451
6332,dx_M61452
6333,dx_M61459
6334,dx_M61461
6335,dx_M61462
6336,dx_M61471
6337,dx_M61472
6338,dx_M6148
6339,dx_M6149
6340,dx_M6150
6341,dx_M61511
6342,dx_M61521
6343,dx_M61522
6344,dx_M61531
6345,dx_M61532
6346,dx_M61541
6347,dx_M61542
6348,dx_M61551
6349,dx_M61552
6350,dx_M61559
6351,dx_M61561
6352,dx_M61562
6353,dx_M61569
6354,dx_M61571
6355,dx_M61572
6356,dx_M6158
6357,dx_M6159
6358,dx_M619
6359,dx_M623
6360,dx_M6250
6361,dx_M62511
6362,dx_M62512
6363,dx_M62519
6364,dx_M62521
6365,dx_M62522
6366,dx_M62529
6367,dx_M62531
6368,dx_M62532
6369,dx_M62541
6370,dx_M62542
6371,dx_M62549
6372,dx_M62551
6373,dx_M62552
6374,dx_M62559
6375,dx_M62561
6376,dx_M62562
6377,dx_M62569
6378,dx_M62571
6379,dx_M62572
6380,dx_M62579
6381,dx_M6258
6382,dx_M6259
6383,dx_M625A0
6384,dx_M625A1
6385,dx_M625A2
6386,dx_M625A9
6387,dx_M6281
6388,dx_M6282
6389,dx_M62830
6390,dx_M62831
6391,dx_M62838
6392,dx_M6284
6393,dx_M6285
6394,dx_M6289
6395,dx_M720
6396,dx_M722
6397,dx_M816
6398,dx_M818
6399,dx_M852
6400,dx_M863
6401,dx_M8630
6402,dx_M86311
6403,dx_M86312
6404,dx_M86319
6405,dx_M86321
6406,dx_M86322
6407,dx_M86329
6408,dx_M86331
6409,dx_M86332
6410,dx_M86341
6411,dx_M86342
6412,dx_M86349
6413,dx_M86351
6414,dx_M86352
6415,dx_M86359
6416,dx_M86361
6417,dx_M86362
6418,dx_M86369
6419,dx_M86371
6420,dx_M86372
6421,dx_M86379
6422,dx_M8638
6423,dx_M8639
6424,dx_M8640
6425,dx_M86422
6426,dx_M86431
6427,dx_M86432
6428,dx_M86441
6429,dx_M86451
6430,dx_M86452
6431,dx_M86459
6432,dx_M86461
6433,dx_M86462
6434,dx_M86469
6435,dx_M86471
6436,dx_M86472
6437,dx_M86479
6438,dx_M8648
6439,dx_M8649
6440,dx_M8650
6441,dx_M86511
6442,dx_M86521
6443,dx_M86522
6444,dx_M86531
6445,dx_M86532
6446,dx_M86539
6447,dx_M86541
6448,dx_M86551
6449,dx_M86552
6450,dx_M86561
6451,dx_M86562
6452,dx_M86571
6453,dx_M86572
6454,dx_M86579
6455,dx_M8658
6456,dx_M8659
6457,dx_M8660
6458,dx_M86611
6459,dx_M86612
6460,dx_M86621
6461,dx_M86622
6462,dx_M86629
6463,dx_M86631
6464,dx_M86632
6465,dx_M86639
6466,dx_M86641
6467,dx_M86642
6468,dx_M86649
6469,dx_M86651
6470,dx_M86652
6471,dx_M86659
6472,dx_M86661
6473,dx_M86662
6474,dx_M86669
6475,dx_M86671
6476,dx_M86672
6477,dx_M86679
6478,dx_M8668
6479,dx_M8669
6480,dx_M8700
6481,dx_M87011
6482,dx_M87012
6483,dx_M87019
6484,dx_M87021
6485,dx_M87022
6486,dx_M87029
6487,dx_M87031
6488,dx_M87032
6489,dx_M87037
6490,dx_M87038
6491,dx_M87039
6492,dx_M87041
6493,dx_M87042
6494,dx_M87043
6495,dx_M87044
6496,dx_M87045
6497,dx_M87050
6498,dx_M87051
6499,dx_M87052
6500,dx_M87059
6501,dx_M87061
6502,dx_M87062
6503,dx_M87063
6504,dx_M87071
6505,dx_M87072
6506,dx_M87073
6507,dx_M87074
6508,dx_M87075
6509,dx_M87076
6510,dx_M87077
6511,dx_M87078
6512,dx_M87079
6513,dx_M8708
6514,dx_M8709
6515,dx_M880
6516,dx_M8888
6517,dx_M8889
6518,dx_M889
6519,dx_M8900
6520,dx_M89012
6521,dx_M89029
6522,dx_M89032
6523,dx_M89052
6524,dx_M89061
6525,dx_M89072
6526,dx_M8908
6527,dx_M8909
6528,dx_M8940
6529,dx_M89421
6530,dx_M89451
6531,dx_M89461
6532,dx_M89462
6533,dx_M8948
6534,dx_M8949
6535,dx_M8970
6536,dx_M89711
6537,dx_M89712
6538,dx_M89721
6539,dx_M89722
6540,dx_M89731
6541,dx_M89732
6542,dx_M89741
6543,dx_M89742
6544,dx_M89751
6545,dx_M89752
6546,dx_M89759
6547,dx_M89761
6548,dx_M89762
6549,dx_M89769
6550,dx_M89771
6551,dx_M89772
6552,dx_M89779
6553,dx_M8978
6554,dx_M8979
6555,dx_M9080
6556,dx_M90811
6557,dx_M90821
6558,dx_M90822
6559,dx_M90831
6560,dx_M90832
6561,dx_M90849
6562,dx_M90851
6563,dx_M90852
6564,dx_M90861
6565,dx_M90862
6566,dx_M9088
6567,dx_M9089
6568,dx_M9180
6569,dx_M9181
6570,dx_M9182
6571,dx_M93021
6572,dx_M93022
6573,dx_M93023
6574,dx_M93024
6575,dx_M955
6576,dx_M961
6577,dx_M965
6578,dx_M9980
6579,dx_M9981
6580,dx_M9982
6581,dx_M9983
6582,dx_M9984
6583,dx_M9985
6584,dx_M9986
6585,dx_M9987
6586,dx_M9988
6587,dx_M9989
6588,dx_N020
6589,dx_N021
6590,dx_N022
6591,dx_N023
6592,dx_N025
6593,dx_N026
6594,dx_N027
6595,dx_N028
6596,dx_N029
6597,dx_N02A
6598,dx_N02B1
6599,dx_N02B2
6600,dx_N02B3
6601,dx_N02B4
6602,dx_N02B5
6603,dx_N02B6
6604,dx_N02B9
6605,dx_N030
6606,dx_N031
6607,dx_N032
6608,dx_N033
6609,dx_N034
6610,dx_N035
6611,dx_N036
6612,dx_N037
6613,dx_N038
6614,dx_N039
6615,dx_N03A
6616,dx_N04
6617,dx_N040
6618,dx_N041
6619,dx_N042
6620,dx_N0420
6621,dx_N0421
6622,dx_N0422
6623,dx_N0429
6624,dx_N043
6625,dx_N044
6626,dx_N045
6627,dx_N046
6628,dx_N047
6629,dx_N048
6630,dx_N049
6631,dx_N04A
6632,dx_N04B1
6633,dx_N050
6634,dx_N051
6635,dx_N052
6636,dx_N053
6637,dx_N054
6638,dx_N055
6639,dx_N056
6640,dx_N057
6641,dx_N058
6642,dx_N059
6643,dx_N05A
6644,dx_N060
6645,dx_N061
6646,dx_N062
6647,dx_N0620
6648,dx_N0621
6649,dx_N0622
6650,dx_N0629
6651,dx_N063
6652,dx_N064
6653,dx_N065
6654,dx_N066
6655,dx_N067
6656,dx_N068
6657,dx_N069
6658,dx_N06A
6659,dx_N08
6660,dx_N130
6661,dx_N131
6662,dx_N132
6663,dx_N133
6664,dx_N1330
6665,dx_N1339
6666,dx_N134
6667,dx_N135
6668,dx_N136
6669,dx_N1370
6670,dx_N1371
6671,dx_N13721
6672,dx_N13722
6673,dx_N13729
6674,dx_N13731
6675,dx_N13732
6676,dx_N13739
6677,dx_N138
6678,dx_N139
6679,dx_N18
6680,dx_N181
6681,dx_N182
6682,dx_N183
6683,dx_N1830
6684,dx_N1831
6685,dx_N1832
6686,dx_N184
6687,dx_N185
6688,dx_N186
6689,dx_N189
6690,dx_N19
6691,dx_N250
6692,dx_N251
6693,dx_N2889
6694,dx_N310
6695,dx_N311
6696,dx_N312
6697,dx_N318
6698,dx_N319
6699,dx_N320
6700,dx_N321
6701,dx_N322
6702,dx_N35010
6703,dx_N35011
6704,dx_N35012
6705,dx_N35013
6706,dx_N35014
6707,dx_N35028
6708,dx_N35111
6709,dx_N35114
6710,dx_N35119
6711,dx_N358
6712,dx_N35811
6713,dx_N35812
6714,dx_N35813
6715,dx_N35814
6716,dx_N35816
6717,dx_N35819
6718,dx_N3582
6719,dx_N359
6720,dx_N3591
6721,dx_N35911
6722,dx_N35912
6723,dx_N35913
6724,dx_N35914
6725,dx_N35916
6726,dx_N35919
6727,dx_N3592
6728,dx_N360
6729,dx_N361
6730,dx_N362
6731,dx_N3641
6732,dx_N3642
6733,dx_N3644
6734,dx_N365
6735,dx_N368
6736,dx_N37
6737,dx_N3942
6738,dx_N3945
6739,dx_N3946
6740,dx_N39490
6741,dx_N39498
6742,dx_N500
6743,dx_N800
6744,dx_N8000
6745,dx_N8001
6746,dx_N8002
6747,dx_N8003
6748,dx_N801
6749,dx_N80101
6750,dx_N80102
6751,dx_N80103
6752,dx_N80109
6753,dx_N80111
6754,dx_N80112
6755,dx_N80113
6756,dx_N80121
6757,dx_N80122
6758,dx_N80123
6759,dx_N80129
6760,dx_N802
6761,dx_N80201
6762,dx_N80202
6763,dx_N80203
6764,dx_N80209
6765,dx_N80212
6766,dx_N80221
6767,dx_N80222
6768,dx_N803
6769,dx_N8030
6770,dx_N80311
6771,dx_N80312
6772,dx_N80319
6773,dx_N80321
6774,dx_N80322
6775,dx_N80329
6776,dx_N80331
6777,dx_N80332
6778,dx_N80333
6779,dx_N80339
6780,dx_N80341
6781,dx_N80342
6782,dx_N80349
6783,dx_N80351
6784,dx_N80352
6785,dx_N80353
6786,dx_N80359
6787,dx_N80361
6788,dx_N80381
6789,dx_N80391
6790,dx_N80392
6791,dx_N80399
6792,dx_N803A1
6793,dx_N803A2
6794,dx_N803A3
6795,dx_N803B1
6796,dx_N803B2
6797,dx_N803B3
6798,dx_N803C1
6799,dx_N803C2
6800,dx_N803C3
6801,dx_N803C9
6802,dx_N804
6803,dx_N8042
6804,dx_N805
6805,dx_N8050
6806,dx_N80511
6807,dx_N80512
6808,dx_N80519
6809,dx_N80529
6810,dx_N80549
6811,dx_N80559
6812,dx_N806
6813,dx_N808
6814,dx_N809
6815,dx_N80A0
6816,dx_N80A1
6817,dx_N80A2
6818,dx_N80A41
6819,dx_N80A62
6820,dx_N80A63
6821,dx_N80B2
6822,dx_N80B31
6823,dx_N80B32
6824,dx_N80B39
6825,dx_N80B6
6826,dx_N80C0
6827,dx_N80C10
6828,dx_N80C11
6829,dx_N80C19
6830,dx_N80C2
6831,dx_N80C4
6832,dx_N80C9
6833,dx_N80D9
6834,dx_N810
6835,dx_N8110
6836,dx_N8111
6837,dx_N812
6838,dx_N813
6839,dx_N814
6840,dx_N815
6841,dx_N816
6842,dx_N8181
6843,dx_N8182
6844,dx_N8184
6845,dx_N8189
6846,dx_N819
6847,dx_N820
6848,dx_N821
6849,dx_N824
6850,dx_N825
6851,dx_N828
6852,dx_N829
6853,dx_N870
6854,dx_N879
6855,dx_N893
6856,dx_N894
6857,dx_N900
6858,dx_N904
6859,dx_N90810
6860,dx_N90811
6861,dx_N90818
6862,dx_N99110
6863,dx_N99111
6864,dx_N99112
6865,dx_N99113
6866,dx_N99114
6867,dx_O10011
6868,dx_O10012
6869,dx_O10013
6870,dx_O10019
6871,dx_O1002
6872,dx_O1003
6873,dx_O10213
6874,dx_O10419
6875,dx_O10911
6876,dx_O10912
6877,dx_O10913
6878,dx_O10919
6879,dx_O1092
6880,dx_O1093
6881,dx_O112
6882,dx_O113
6883,dx_O114
6884,dx_O115
6885,dx_O119
6886,dx_O161
6887,dx_O162
6888,dx_O163
6889,dx_O164
6890,dx_O165
6891,dx_O169
6892,dx_O24011
6893,dx_O24012
6894,dx_O24013
6895,dx_O24019
6896,dx_O2402
6897,dx_O2403
6898,dx_O24111
6899,dx_O24112
6900,dx_O24113
6901,dx_O24119
6902,dx_O2412
6903,dx_O2413
6904,dx_O24312
6905,dx_O24313
6906,dx_O24319
6907,dx_O24410
6908,dx_O24414
6909,dx_O24415
6910,dx_O24419
6911,dx_O24420
6912,dx_O24424
6913,dx_O24425
6914,dx_O24429
6915,dx_O24430
6916,dx_O24434
6917,dx_O2482
6918,dx_O24911
6919,dx_O24912
6920,dx_O24919
6921,dx_O2492
6922,dx_O2493
6923,dx_O2511
6924,dx_O253
6925,dx_O905
6926,dx_O98711
6927,dx_O98712
6928,dx_O98713
6929,dx_O98719
6930,dx_O9872
6931,dx_O99011
6932,dx_O99012
6933,dx_O99013
6934,dx_O99019
6935,dx_O99111
6936,dx_O99112
6937,dx_O99113
6938,dx_O99119
6939,dx_O9912
6940,dx_O9913
6941,dx_O99210
6942,dx_O99211
6943,dx_O99212
6944,dx_O99213
6945,dx_O99214
6946,dx_O99215
6947,dx_O99310
6948,dx_O99311
6949,dx_O99312
6950,dx_O99315
6951,dx_O99320
6952,dx_O99321
6953,dx_O99322
6954,dx_O99323
6955,dx_O99324
6956,dx_O99325
6957,dx_O99350
6958,dx_O99351
6959,dx_O99352
6960,dx_O99353
6961,dx_O99354
6962,dx_O99355
6963,dx_P0501
6964,dx_P0502
6965,dx_P0511
6966,dx_P0512
6967,dx_P052
6968,dx_P059
6969,dx_P0701
6970,dx_P0702
6971,dx_P0721
6972,dx_P0722
6973,dx_P0723
6974,dx_P0724
6975,dx_P0725
6976,dx_P100
6977,dx_P101
6978,dx_P104
6979,dx_P108
6980,dx_P109
6981,dx_P111
6982,dx_P112
6983,dx_P115
6984,dx_P119
6985,dx_P250
6986,dx_P251
6987,dx_P252
6988,dx_P253
6989,dx_P258
6990,dx_P270
6991,dx_P271
6992,dx_P278
6993,dx_P279
6994,dx_P2832
6995,dx_P2842
6996,dx_P2843
6997,dx_P290
6998,dx_P293
6999,dx_P2930
7000,dx_P2938
7001,dx_P350
7002,dx_P351
7003,dx_P352
7004,dx_P354
7005,dx_P5221
7006,dx_P5222
7007,dx_P524
7008,dx_P525
7009,dx_P526
7010,dx_P528
7011,dx_P529
7012,dx_P560
7013,dx_P5690
7014,dx_P5699
7015,dx_P570
7016,dx_P578
7017,dx_P579
7018,dx_P613
7019,dx_P614
7020,dx_P773
7021,dx_P832
7022,dx_P910
7023,dx_P911
7024,dx_P912
7025,dx_P915
7026,dx_P916
7027,dx_P9160
7028,dx_P9161
7029,dx_P9162
7030,dx_P9163
7031,dx_P91811
7032,dx_P91819
7033,dx_P91821
7034,dx_P91822
7035,dx_P91823
7036,dx_P91829
7037,dx_P941
7038,dx_P942
7039,dx_Q000
7040,dx_Q001
7041,dx_Q002
7042,dx_Q01
7043,dx_Q010
7044,dx_Q011
7045,dx_Q012
7046,dx_Q018
7047,dx_Q019
7048,dx_Q02
7049,dx_Q030
7050,dx_Q031
7051,dx_Q038
7052,dx_Q039
7053,dx_Q040
7054,dx_Q041
7055,dx_Q042
7056,dx_Q043
7057,dx_Q044
7058,dx_Q045
7059,dx_Q046
7060,dx_Q048
7061,dx_Q049
7062,dx_Q05
7063,dx_Q050
7064,dx_Q051
7065,dx_Q052
7066,dx_Q053
7067,dx_Q054
7068,dx_Q055
7069,dx_Q056
7070,dx_Q057
7071,dx_Q058
7072,dx_Q059
7073,dx_Q060
7074,dx_Q061
7075,dx_Q062
7076,dx_Q063
7077,dx_Q064
7078,dx_Q068
7079,dx_Q069
7080,dx_Q0700
7081,dx_Q0701
7082,dx_Q0702
7083,dx_Q0703
7084,dx_Q078
7085,dx_Q079
7086,dx_Q100
7087,dx_Q103
7088,dx_Q107
7089,dx_Q110
7090,dx_Q111
7091,dx_Q112
7092,dx_Q130
7093,dx_Q131
7094,dx_Q132
7095,dx_Q133
7096,dx_Q134
7097,dx_Q135
7098,dx_Q1381
7099,dx_Q1389
7100,dx_Q140
7101,dx_Q141
7102,dx_Q142
7103,dx_Q143
7104,dx_Q148
7105,dx_Q150
7106,dx_Q160
7107,dx_Q161
7108,dx_Q162
7109,dx_Q163
7110,dx_Q164
7111,dx_Q165
7112,dx_Q169
7113,dx_Q171
7114,dx_Q172
7115,dx_Q174
7116,dx_Q178
7117,dx_Q179
7118,dx_Q180
7119,dx_Q181
7120,dx_Q182
7121,dx_Q189
7122,dx_Q200
7123,dx_Q201
7124,dx_Q202
7125,dx_Q203
7126,dx_Q204
7127,dx_Q205
7128,dx_Q206
7129,dx_Q208
7130,dx_Q209
7131,dx_Q210
7132,dx_Q211
7133,dx_Q2110
7134,dx_Q2111
7135,dx_Q2112
7136,dx_Q2113
7137,dx_Q2114
7138,dx_Q2115
7139,dx_Q2116
7140,dx_Q2119
7141,dx_Q212
7142,dx_Q2120
7143,dx_Q2121
7144,dx_Q2122
7145,dx_Q2123
7146,dx_Q213
7147,dx_Q2130
7148,dx_Q214
7149,dx_Q218
7150,dx_Q219
7151,dx_Q220
7152,dx_Q221
7153,dx_Q222
7154,dx_Q223
7155,dx_Q224
7156,dx_Q225
7157,dx_Q226
7158,dx_Q228
7159,dx_Q229
7160,dx_Q230
7161,dx_Q231
7162,dx_Q232
7163,dx_Q233
7164,dx_Q234
7165,dx_Q238
7166,dx_Q2381
7167,dx_Q2382
7168,dx_Q2388
7169,dx_Q239
7170,dx_Q240
7171,dx_Q241
7172,dx_Q242
7173,dx_Q243
7174,dx_Q244
7175,dx_Q245
7176,dx_Q246
7177,dx_Q248
7178,dx_Q249
7179,dx_Q250
7180,dx_Q251
7181,dx_Q252
7182,dx_Q2521
7183,dx_Q2529
7184,dx_Q253
7185,dx_Q254
7186,dx_Q2540
7187,dx_Q2541
7188,dx_Q2542
7189,dx_Q2543
7190,dx_Q2544
7191,dx_Q2545
7192,dx_Q2546
7193,dx_Q2547
7194,dx_Q2548
7195,dx_Q2549
7196,dx_Q255
7197,dx_Q256
7198,dx_Q2571
7199,dx_Q2572
7200,dx_Q2579
7201,dx_Q258
7202,dx_Q259
7203,dx_Q260
7204,dx_Q261
7205,dx_Q262
7206,dx_Q263
7207,dx_Q264
7208,dx_Q265
7209,dx_Q266
7210,dx_Q268
7211,dx_Q269
7212,dx_Q282
7213,dx_Q283
7214,dx_Q288
7215,dx_Q289
7216,dx_Q300
7217,dx_Q301
7218,dx_Q302
7219,dx_Q303
7220,dx_Q308
7221,dx_Q309
7222,dx_Q310
7223,dx_Q311
7224,dx_Q312
7225,dx_Q313
7226,dx_Q315
7227,dx_Q318
7228,dx_Q319
7229,dx_Q320
7230,dx_Q321
7231,dx_Q322
7232,dx_Q323
7233,dx_Q324
7234,dx_Q330
7235,dx_Q331
7236,dx_Q332
7237,dx_Q333
7238,dx_Q334
7239,dx_Q336
7240,dx_Q338
7241,dx_Q339
7242,dx_Q340
7243,dx_Q341
7244,dx_Q348
7245,dx_Q349
7246,dx_Q351
7247,dx_Q353
7248,dx_Q355
7249,dx_Q359
7250,dx_Q36
7251,dx_Q360
7252,dx_Q361
7253,dx_Q369
7254,dx_Q37
7255,dx_Q370
7256,dx_Q371
7257,dx_Q372
7258,dx_Q373
7259,dx_Q374
7260,dx_Q375
7261,dx_Q378
7262,dx_Q379
7263,dx_Q382
7264,dx_Q383
7265,dx_Q384
7266,dx_Q385
7267,dx_Q388
7268,dx_Q390
7269,dx_Q391
7270,dx_Q392
7271,dx_Q393
7272,dx_Q394
7273,dx_Q395
7274,dx_Q396
7275,dx_Q398
7276,dx_Q402
7277,dx_Q409
7278,dx_Q410
7279,dx_Q411
7280,dx_Q412
7281,dx_Q418
7282,dx_Q419
7283,dx_Q420
7284,dx_Q421
7285,dx_Q422
7286,dx_Q423
7287,dx_Q428
7288,dx_Q429
7289,dx_Q431
7290,dx_Q432
7291,dx_Q433
7292,dx_Q434
7293,dx_Q435
7294,dx_Q436
7295,dx_Q437
7296,dx_Q438
7297,dx_Q439
7298,dx_Q440
7299,dx_Q441
7300,dx_Q442
7301,dx_Q443
7302,dx_Q444
7303,dx_Q445
7304,dx_Q446
7305,dx_Q447
7306,dx_Q4470
7307,dx_Q4471
7308,dx_Q4479
7309,dx_Q450
7310,dx_Q451
7311,dx_Q452
7312,dx_Q453
7313,dx_Q458
7314,dx_Q459
7315,dx_Q540
7316,dx_Q541
7317,dx_Q542
7318,dx_Q543
7319,dx_Q548
7320,dx_Q549
7321,dx_Q563
7322,dx_Q564
7323,dx_Q600
7324,dx_Q601
7325,dx_Q602
7326,dx_Q603
7327,dx_Q604
7328,dx_Q605
7329,dx_Q606
7330,dx_Q6100
7331,dx_Q6101
7332,dx_Q6102
7333,dx_Q6111
7334,dx_Q6119
7335,dx_Q612
7336,dx_Q613
7337,dx_Q614
7338,dx_Q615
7339,dx_Q618
7340,dx_Q619
7341,dx_Q620
7342,dx_Q6210
7343,dx_Q6211
7344,dx_Q6212
7345,dx_Q622
7346,dx_Q6231
7347,dx_Q6232
7348,dx_Q6239
7349,dx_Q624
7350,dx_Q625
7351,dx_Q6260
7352,dx_Q6261
7353,dx_Q6262
7354,dx_Q6263
7355,dx_Q6269
7356,dx_Q627
7357,dx_Q628
7358,dx_Q630
7359,dx_Q631
7360,dx_Q632
7361,dx_Q633
7362,dx_Q638
7363,dx_Q639
7364,dx_Q640
7365,dx_Q6410
7366,dx_Q6411
7367,dx_Q6412
7368,dx_Q6419
7369,dx_Q642
7370,dx_Q6431
7371,dx_Q6432
7372,dx_Q6433
7373,dx_Q6439
7374,dx_Q644
7375,dx_Q645
7376,dx_Q646
7377,dx_Q6470
7378,dx_Q6471
7379,dx_Q6473
7380,dx_Q6474
7381,dx_Q6475
7382,dx_Q6479
7383,dx_Q648
7384,dx_Q649
7385,dx_Q6500
7386,dx_Q6501
7387,dx_Q6502
7388,dx_Q651
7389,dx_Q652
7390,dx_Q653
7391,dx_Q6530
7392,dx_Q6531
7393,dx_Q6532
7394,dx_Q654
7395,dx_Q655
7396,dx_Q667
7397,dx_Q6670
7398,dx_Q6671
7399,dx_Q6672
7400,dx_Q6689
7401,dx_Q670
7402,dx_Q671
7403,dx_Q672
7404,dx_Q673
7405,dx_Q674
7406,dx_Q675
7407,dx_Q688
7408,dx_Q7100
7409,dx_Q7101
7410,dx_Q7102
7411,dx_Q7103
7412,dx_Q7110
7413,dx_Q7111
7414,dx_Q7112
7415,dx_Q7113
7416,dx_Q7120
7417,dx_Q7121
7418,dx_Q7122
7419,dx_Q7123
7420,dx_Q7130
7421,dx_Q7131
7422,dx_Q7132
7423,dx_Q7133
7424,dx_Q7140
7425,dx_Q7141
7426,dx_Q7142
7427,dx_Q7143
7428,dx_Q7150
7429,dx_Q7151
7430,dx_Q7152
7431,dx_Q7153
7432,dx_Q7160
7433,dx_Q7161
7434,dx_Q7162
7435,dx_Q7163
7436,dx_Q71891
7437,dx_Q71892
7438,dx_Q71893
7439,dx_Q71899
7440,dx_Q7190
7441,dx_Q7191
7442,dx_Q7192
7443,dx_Q7193
7444,dx_Q7200
7445,dx_Q7201
7446,dx_Q7202
7447,dx_Q7203
7448,dx_Q7210
7449,dx_Q7211
7450,dx_Q7212
7451,dx_Q7213
7452,dx_Q7220
7453,dx_Q7221
7454,dx_Q7222
7455,dx_Q7223
7456,dx_Q7230
7457,dx_Q7231
7458,dx_Q7232
7459,dx_Q7233
7460,dx_Q7240
7461,dx_Q7241
7462,dx_Q7242
7463,dx_Q7243
7464,dx_Q7250
7465,dx_Q7251
7466,dx_Q7252
7467,dx_Q7253
7468,dx_Q7260
7469,dx_Q7261
7470,dx_Q7262
7471,dx_Q7263
7472,dx_Q7270
7473,dx_Q7271
7474,dx_Q7272
7475,dx_Q7273
7476,dx_Q72891
7477,dx_Q72892
7478,dx_Q72893
7479,dx_Q72899
7480,dx_Q730
7481,dx_Q731
7482,dx_Q738
7483,dx_Q740
7484,dx_Q750
7485,dx_Q7500
7486,dx_Q75001
7487,dx_Q75002
7488,dx_Q75009
7489,dx_Q7501
7490,dx_Q75021
7491,dx_Q75022
7492,dx_Q75029
7493,dx_Q7503
7494,dx_Q75041
7495,dx_Q75042
7496,dx_Q75049
7497,dx_Q7505
7498,dx_Q75051
7499,dx_Q75052
7500,dx_Q75058
7501,dx_Q7508
7502,dx_Q751
7503,dx_Q752
7504,dx_Q753
7505,dx_Q754
7506,dx_Q755
7507,dx_Q758
7508,dx_Q759
7509,dx_Q760
7510,dx_Q761
7511,dx_Q762
7512,dx_Q763
7513,dx_Q76411
7514,dx_Q76412
7515,dx_Q76413
7516,dx_Q76414
7517,dx_Q76415
7518,dx_Q76419
7519,dx_Q76425
7520,dx_Q76426
7521,dx_Q76427
7522,dx_Q76428
7523,dx_Q76429
7524,dx_Q7649
7525,dx_Q765
7526,dx_Q766
7527,dx_Q767
7528,dx_Q770
7529,dx_Q771
7530,dx_Q772
7531,dx_Q773
7532,dx_Q774
7533,dx_Q775
7534,dx_Q776
7535,dx_Q777
7536,dx_Q778
7537,dx_Q779
7538,dx_Q780
7539,dx_Q781
7540,dx_Q782
7541,dx_Q783
7542,dx_Q784
7543,dx_Q786
7544,dx_Q788
7545,dx_Q789
7546,dx_Q790
7547,dx_Q791
7548,dx_Q792
7549,dx_Q793
7550,dx_Q794
7551,dx_Q7951
7552,dx_Q7959
7553,dx_Q796
7554,dx_Q7960
7555,dx_Q7961
7556,dx_Q7962
7557,dx_Q7963
7558,dx_Q7969
7559,dx_Q798
7560,dx_Q799
7561,dx_Q803
7562,dx_Q804
7563,dx_Q809
7564,dx_Q810
7565,dx_Q811
7566,dx_Q812
7567,dx_Q818
7568,dx_Q819
7569,dx_Q820
7570,dx_Q824
7571,dx_Q8500
7572,dx_Q8501
7573,dx_Q8502
7574,dx_Q8503
7575,dx_Q8509
7576,dx_Q851
7577,dx_Q858
7578,dx_Q8581
7579,dx_Q8582
7580,dx_Q8583
7581,dx_Q8589
7582,dx_Q859
7583,dx_Q860
7584,dx_Q870
7585,dx_Q871
7586,dx_Q8711
7587,dx_Q8719
7588,dx_Q872
7589,dx_Q873
7590,dx_Q874
7591,dx_Q8740
7592,dx_Q8741
7593,dx_Q87410
7594,dx_Q87418
7595,dx_Q8742
7596,dx_Q8743
7597,dx_Q875
7598,dx_Q878
7599,dx_Q8781
7600,dx_Q8782
7601,dx_Q8783
7602,dx_Q8784
7603,dx_Q8785
7604,dx_Q8786
7605,dx_Q8787
7606,dx_Q8788
7607,dx_Q8789
7608,dx_Q8901
7609,dx_Q891
7610,dx_Q892
7611,dx_Q893
7612,dx_Q894
7613,dx_Q897
7614,dx_Q898
7615,dx_Q8981
7616,dx_Q8989
7617,dx_Q899
7618,dx_Q90
7619,dx_Q900
7620,dx_Q901
7621,dx_Q902
7622,dx_Q909
7623,dx_Q910
7624,dx_Q911
7625,dx_Q912
7626,dx_Q913
7627,dx_Q914
7628,dx_Q915
7629,dx_Q916
7630,dx_Q917
7631,dx_Q920
7632,dx_Q921
7633,dx_Q922
7634,dx_Q925
7635,dx_Q9261
7636,dx_Q9262
7637,dx_Q927
7638,dx_Q928
7639,dx_Q929
7640,dx_Q93
7641,dx_Q930
7642,dx_Q931
7643,dx_Q932
7644,dx_Q933
7645,dx_Q934
7646,dx_Q935
7647,dx_Q9351
7648,dx_Q9352
7649,dx_Q9359
7650,dx_Q937
7651,dx_Q938
7652,dx_Q9381
7653,dx_Q9382
7654,dx_Q9388
7655,dx_Q9389
7656,dx_Q939
7657,dx_Q950
7658,dx_Q951
7659,dx_Q952
7660,dx_Q953
7661,dx_Q958
7662,dx_Q959
7663,dx_Q96
7664,dx_Q960
7665,dx_Q961
7666,dx_Q962
7667,dx_Q963
7668,dx_Q964
7669,dx_Q968
7670,dx_Q969
7671,dx_Q970
7672,dx_Q971
7673,dx_Q972
7674,dx_Q973
7675,dx_Q978
7676,dx_Q979
7677,dx_Q980
7678,dx_Q981
7679,dx_Q983
7680,dx_Q984
7681,dx_Q985
7682,dx_Q986
7683,dx_Q987
7684,dx_Q988
7685,dx_Q989
7686,dx_Q99
7687,dx_Q990
7688,dx_Q991
7689,dx_Q992
7690,dx_Q998
7691,dx_Q99811
7692,dx_Q99812
7693,dx_Q99813
7694,dx_Q99819
7695,dx_Q9989
7696,dx_Q999
7697,dx_R001
7698,dx_R4020
7699,dx_R402A
7700,dx_R403
7701,dx_R4184
7702,dx_R41840
7703,dx_R41841
7704,dx_R41842
7705,dx_R41843
7706,dx_R41844
7707,dx_R4185
7708,dx_R419
7709,dx_R4702
7710,dx_R480
7711,dx_R532
7712,dx_R561
7713,dx_R569
7714,dx_R570
7715,dx_R625
7716,dx_R6250
7717,dx_R6251
7718,dx_R6252
7719,dx_R6259
7720,dx_R634
7721,dx_R64
7722,dx_S061X0S
7723,dx_S061X1S
7724,dx_S061X6A
7725,dx_S061X6D
7726,dx_S061X6S
7727,dx_S061X9S
7728,dx_S062X0S
7729,dx_S062X1S
7730,dx_S062X2S
7731,dx_S062X3S
7732,dx_S062X4S
7733,dx_S062X5S
7734,dx_S062X6A
7735,dx_S062X6D
7736,dx_S062X6S
7737,dx_S062X9S
7738,dx_S06300S
7739,dx_S06301S
7740,dx_S06305S
7741,dx_S06306A
7742,dx_S06306D
7743,dx_S06306S
7744,dx_S06309A
7745,dx_S06309D
7746,dx_S06309S
7747,dx_S06310S
7748,dx_S06313S
7749,dx_S06316A
7750,dx_S06316S
7751,dx_S06319S
7752,dx_S06321S
7753,dx_S06326A
7754,dx_S06326D
7755,dx_S06326S
7756,dx_S06329S
7757,dx_S06331S
7758,dx_S06335S
7759,dx_S06336S
7760,dx_S06339S
7761,dx_S06340S
7762,dx_S06344S
7763,dx_S06346A
7764,dx_S06346D
7765,dx_S06346S
7766,dx_S06349S
7767,dx_S06350S
7768,dx_S06351S
7769,dx_S06356A
7770,dx_S06356D
7771,dx_S06356S
7772,dx_S06359S
7773,dx_S06360S
7774,dx_S06361S
7775,dx_S06363S
7776,dx_S06364S
7777,dx_S06365S
7778,dx_S06366A
7779,dx_S06366D
7780,dx_S06366S
7781,dx_S06369S
7782,dx_S06370S
7783,dx_S06376A
7784,dx_S06376D
7785,dx_S06379S
7786,dx_S06380S
7787,dx_S06386A
7788,dx_S06386D
7789,dx_S06389S
7790,dx_S064X0S
7791,dx_S064X1S
7792,dx_S064X3S
7793,dx_S064X5S
7794,dx_S064X6A
7795,dx_S064X6D
7796,dx_S064X9S
7797,dx_S065X0S
7798,dx_S065X1S
7799,dx_S065X2S
7800,dx_S065X3S
7801,dx_S065X4S
7802,dx_S065X5S
7803,dx_S065X6A
7804,dx_S065X6D
7805,dx_S065X6S
7806,dx_S065X9S
7807,dx_S066X0S
7808,dx_S066X1S
7809,dx_S066X4S
7810,dx_S066X5S
7811,dx_S066X6A
7812,dx_S066X6D
7813,dx_S066X6S
7814,dx_S066X9S
7815,dx_S06816A
7816,dx_S06826A
7817,dx_S06890S
7818,dx_S06891S
7819,dx_S06892S
7820,dx_S06894S
7821,dx_S06895S
7822,dx_S06896A
7823,dx_S06896D
7824,dx_S06896S
7825,dx_S06899S
7826,dx_S069X0S
7827,dx_S069X1S
7828,dx_S069X2S
7829,dx_S069X3S
7830,dx_S069X4S
7831,dx_S069X5S
7832,dx_S069X6A
7833,dx_S069X6D
7834,dx_S069X6S
7835,dx_S069X9S
7836,dx_S14101A
7837,dx_S14101D
7838,dx_S14101S
7839,dx_S14102A
7840,dx_S14102D
7841,dx_S14102S
7842,dx_S14103A
7843,dx_S14103D
7844,dx_S14103S
7845,dx_S14104A
7846,dx_S14104D
7847,dx_S14104S
7848,dx_S14105A
7849,dx_S14105D
7850,dx_S14105S
7851,dx_S14106A
7852,dx_S14106D
7853,dx_S14106S
7854,dx_S14107A
7855,dx_S14107D
7856,dx_S14107S
7857,dx_S14108A
7858,dx_S14108S
7859,dx_S14109A
7860,dx_S14109D
7861,dx_S14109S
7862,dx_S14111A
7863,dx_S14111D
7864,dx_S14111S
7865,dx_S14112A
7866,dx_S14112D
7867,dx_S14112S
7868,dx_S14113A
7869,dx_S14113D
7870,dx_S14113S
7871,dx_S14114A
7872,dx_S14114D
7873,dx_S14114S
7874,dx_S14115A
7875,dx_S14115D
7876,dx_S14115S
7877,dx_S14116A
7878,dx_S14116D
7879,dx_S14116S
7880,dx_S14117A
7881,dx_S14117D
7882,dx_S14117S
7883,dx_S14119D
7884,dx_S14119S
7885,dx_S14121A
7886,dx_S14121D
7887,dx_S14121S
7888,dx_S14122A
7889,dx_S14122D
7890,dx_S14122S
7891,dx_S14123A
7892,dx_S14123D
7893,dx_S14124A
7894,dx_S14124D
7895,dx_S14125A
7896,dx_S14125D
7897,dx_S14125S
7898,dx_S14126A
7899,dx_S14126D
7900,dx_S14126S
7901,dx_S14128A
7902,dx_S14129A
7903,dx_S14129D
7904,dx_S14129S
7905,dx_S14134S
7906,dx_S14135A
7907,dx_S14135D
7908,dx_S14136A
7909,dx_S14137A
7910,dx_S14139A
7911,dx_S14145S
7912,dx_S14149S
7913,dx_S14151A
7914,dx_S14151D
7915,dx_S14151S
7916,dx_S14152A
7917,dx_S14152D
7918,dx_S14152S
7919,dx_S14153A
7920,dx_S14153D
7921,dx_S14153S
7922,dx_S14154A
7923,dx_S14154D
7924,dx_S14154S
7925,dx_S14155A
7926,dx_S14155D
7927,dx_S14155S
7928,dx_S14156A
7929,dx_S14156D
7930,dx_S14156S
7931,dx_S14157A
7932,dx_S14157D
7933,dx_S14157S
7934,dx_S14158A
7935,dx_S14159A
7936,dx_S14159D
7937,dx_S14159S
7938,dx_S240XXS
7939,dx_S24101A
7940,dx_S24101D
7941,dx_S24101S
7942,dx_S24102A
7943,dx_S24102D
7944,dx_S24102S
7945,dx_S24103A
7946,dx_S24103D
7947,dx_S24103S
7948,dx_S24104A
7949,dx_S24104D
7950,dx_S24104S
7951,dx_S24109A
7952,dx_S24109D
7953,dx_S24109S
7954,dx_S24111A
7955,dx_S24111D
7956,dx_S24111S
7957,dx_S24112A
7958,dx_S24112D
7959,dx_S24112S
7960,dx_S24113A
7961,dx_S24113D
7962,dx_S24113S
7963,dx_S24114A
7964,dx_S24114D
7965,dx_S24114S
7966,dx_S24119A
7967,dx_S24119D
7968,dx_S24119S
7969,dx_S24131S
7970,dx_S24132S
7971,dx_S24133A
7972,dx_S24133S
7973,dx_S24142S
7974,dx_S24149S
7975,dx_S24151A
7976,dx_S24151D
7977,dx_S24151S
7978,dx_S24152A
7979,dx_S24152D
7980,dx_S24152S
7981,dx_S24153A
7982,dx_S24153D
7983,dx_S24153S
7984,dx_S24154A
7985,dx_S24154D
7986,dx_S24154S
7987,dx_S24159A
7988,dx_S24159D
7989,dx_S24159S
7990,dx_S244XXS
7991,dx_S3401XS
7992,dx_S3402XS
7993,dx_S34101A
7994,dx_S34101D
7995,dx_S34101S
7996,dx_S34102A
7997,dx_S34102D
7998,dx_S34102S
7999,dx_S34103A
8000,dx_S34103D
8001,dx_S34103S
8002,dx_S34104A
8003,dx_S34104D
8004,dx_S34104S
8005,dx_S34105A
8006,dx_S34105D
8007,dx_S34105S
8008,dx_S34109A
8009,dx_S34109D
8010,dx_S34109S
8011,dx_S34111A
8012,dx_S34111D
8013,dx_S34111S
8014,dx_S34112A
8015,dx_S34112D
8016,dx_S34113A
8017,dx_S34113D
8018,dx_S34113S
8019,dx_S34114A
8020,dx_S34114D
8021,dx_S34119A
8022,dx_S34119D
8023,dx_S34121A
8024,dx_S34121D
8025,dx_S34121S
8026,dx_S34122A
8027,dx_S34122D
8028,dx_S34123A
8029,dx_S34123D
8030,dx_S34124A
8031,dx_S34129A
8032,dx_S34129D
8033,dx_S34131A
8034,dx_S34132S
8035,dx_S34139A
8036,dx_S34139D
8037,dx_S34139S
8038,dx_S343XXA
8039,dx_S343XXD
8040,dx_S343XXS
8041,dx_S344XXS
8042,dx_S48012A
8043,dx_S48012D
8044,dx_S48021A
8045,dx_S48111A
8046,dx_S48111D
8047,dx_S48111S
8048,dx_S48112A
8049,dx_S48112D
8050,dx_S48112S
8051,dx_S48119A
8052,dx_S48121D
8053,dx_S48122A
8054,dx_S48122D
8055,dx_S48911A
8056,dx_S48911D
8057,dx_S48911S
8058,dx_S48912A
8059,dx_S48912D
8060,dx_S48912S
8061,dx_S48919A
8062,dx_S48921A
8063,dx_S48921D
8064,dx_S48921S
8065,dx_S48922A
8066,dx_S48922D
8067,dx_S58011A
8068,dx_S58012A
8069,dx_S58012D
8070,dx_S58021A
8071,dx_S58111A
8072,dx_S58111D
8073,dx_S58111S
8074,dx_S58112A
8075,dx_S58112D
8076,dx_S58112S
8077,dx_S58119D
8078,dx_S58121A
8079,dx_S58121S
8080,dx_S58122A
8081,dx_S58122D
8082,dx_S58911A
8083,dx_S58911D
8084,dx_S58912A
8085,dx_S58919A
8086,dx_S68411A
8087,dx_S68411D
8088,dx_S68411S
8089,dx_S68412A
8090,dx_S68412D
8091,dx_S68419A
8092,dx_S68419D
8093,dx_S68421A
8094,dx_S68421D
8095,dx_S68422A
8096,dx_S68422D
8097,dx_S68422S
8098,dx_S68712A
8099,dx_S68712D
8100,dx_S68721A
8101,dx_S68722A
8102,dx_S68729A
8103,dx_S78012A
8104,dx_S78012D
8105,dx_S78111A
8106,dx_S78111D
8107,dx_S78112A
8108,dx_S78112D
8109,dx_S78119A
8110,dx_S78121A
8111,dx_S78122A
8112,dx_S78122D
8113,dx_S78911A
8114,dx_S78911D
8115,dx_S78912A
8116,dx_S78912D
8117,dx_S78921D
8118,dx_S78922D
8119,dx_S78922S
8120,dx_S88011A
8121,dx_S88011D
8122,dx_S88011S
8123,dx_S88012A
8124,dx_S88012D
8125,dx_S88012S
8126,dx_S88019A
8127,dx_S88021A
8128,dx_S88021D
8129,dx_S88022A
8130,dx_S88022D
8131,dx_S88111A
8132,dx_S88111D
8133,dx_S88111S
8134,dx_S88112A
8135,dx_S88112D
8136,dx_S88112S
8137,dx_S88119A
8138,dx_S88119D
8139,dx_S88121A
8140,dx_S88121D
8141,dx_S88122A
8142,dx_S88122D
8143,dx_S88911A
8144,dx_S88911D
8145,dx_S88911S
8146,dx_S88912A
8147,dx_S88912D
8148,dx_S88912S
8149,dx_S88919A
8150,dx_S88919D
8151,dx_S88922A
8152,dx_S88922D
8153,dx_S98011A
8154,dx_S98011D
8155,dx_S98012A
8156,dx_S98012D
8157,dx_S98019A
8158,dx_S98021A
8159,dx_S98021D
8160,dx_S98022A
8161,dx_S98022D
8162,dx_S98311A
8163,dx_S98311D
8164,dx_S98311S
8165,dx_S98312A
8166,dx_S98312D
8167,dx_S98319A
8168,dx_S98321A
8169,dx_S98321D
8170,dx_S98321S
8171,dx_S98322A
8172,dx_S98322D
8173,dx_S98322S
8174,dx_S98911A
8175,dx_S98911D
8176,dx_S98911S
8177,dx_S98912A
8178,dx_S98912D
8179,dx_S98912S
8180,dx_S98919A
8181,dx_S98919D
8182,dx_S98921A
8183,dx_S98921D
8184,dx_S98921S
8185,dx_S98922A
8186,dx_S98922D
8187,dx_S98922S
8188,dx_S98929A
8189,dx_T66XXXS
8190,dx_T71131S
8191,dx_T71141S
8192,dx_T71143S
8193,dx_T71144S
8194,dx_T71151S
8195,dx_T71161S
8196,dx_T71162S
8197,dx_T71191S
8198,dx_T71193S
8199,dx_T719XXS
8200,dx_T744XXS
8201,dx_T751XXS
8202,dx_T8201XA
8203,dx_T8202XA
8204,dx_T8203XA
8205,dx_T8203XD
8206,dx_T8203XS
8207,dx_T8209XA
8208,dx_T8209XD
8209,dx_T8209XS
8210,dx_T82110A
8211,dx_T82111A
8212,dx_T82118A
8213,dx_T82119A
8214,dx_T82120A
8215,dx_T82121A
8216,dx_T82128A
8217,dx_T82190A
8218,dx_T82191A
8219,dx_T82198A
8220,dx_T82199A
8221,dx_T82218A
8222,dx_T82221A
8223,dx_T82221S
8224,dx_T82222A
8225,dx_T82223A
8226,dx_T82228A
8227,dx_T82310A
8228,dx_T82318A
8229,dx_T82319A
8230,dx_T82328A
8231,dx_T82330A
8232,dx_T82338A
8233,dx_T82390A
8234,dx_T82391A
8235,dx_T82398A
8236,dx_T82399A
8237,dx_T8241XA
8238,dx_T8242XA
8239,dx_T8243XA
8240,dx_T8249XA
8241,dx_T82510A
8242,dx_T82511A
8243,dx_T82512A
8244,dx_T82513A
8245,dx_T82515A
8246,dx_T82518A
8247,dx_T82519A
8248,dx_T82520A
8249,dx_T82521A
8250,dx_T82523A
8251,dx_T82528A
8252,dx_T82529A
8253,dx_T82530A
8254,dx_T82531A
8255,dx_T82532A
8256,dx_T82538A
8257,dx_T82539A
8258,dx_T82590A
8259,dx_T82591A
8260,dx_T82592A
8261,dx_T82593A
8262,dx_T82595A
8263,dx_T82598A
8264,dx_T82599A
8265,dx_T826XXA
8266,dx_T826XXD
8267,dx_T826XXS
8268,dx_T827XXA
8269,dx_T82817A
8270,dx_T82818A
8271,dx_T82827A
8272,dx_T82828A
8273,dx_T82837A
8274,dx_T82838A
8275,dx_T82847A
8276,dx_T82848A
8277,dx_T82855A
8278,dx_T82856A
8279,dx_T82857A
8280,dx_T82858A
8281,dx_T82867A
8282,dx_T82868A
8283,dx_T82897A
8284,dx_T82898A
8285,dx_T829XXA
8286,dx_T8501XA
8287,dx_T8502XA
8288,dx_T8503XA
8289,dx_T8509XA
8290,dx_T85110A
8291,dx_T85111A
8292,dx_T85112A
8293,dx_T85113A
8294,dx_T85118A
8295,dx_T85120A
8296,dx_T85121A
8297,dx_T85122A
8298,dx_T85123A
8299,dx_T85128A
8300,dx_T85190A
8301,dx_T85191A
8302,dx_T85192A
8303,dx_T85193A
8304,dx_T85199A
8305,dx_T8571XA
8306,dx_T85730A
8307,dx_T85731A
8308,dx_T85732A
8309,dx_T85734A
8310,dx_T85735A
8311,dx_T85738A
8312,dx_T85810A
8313,dx_T85820A
8314,dx_T85830A
8315,dx_T85840A
8316,dx_T85850A
8317,dx_T85860A
8318,dx_T85890A
8319,dx_T8600
8320,dx_T8601
8321,dx_T8602
8322,dx_T8603
8323,dx_T8609
8324,dx_T8610
8325,dx_T8611
8326,dx_T8612
8327,dx_T8613
8328,dx_T8619
8329,dx_T8620
8330,dx_T8621
8331,dx_T8622
8332,dx_T8623
8333,dx_T86290
8334,dx_T86298
8335,dx_T8630
8336,dx_T8631
8337,dx_T8632
8338,dx_T8633
8339,dx_T8639
8340,dx_T8640
8341,dx_T8641
8342,dx_T8642
8343,dx_T8643
8344,dx_T8649
8345,dx_T865
8346,dx_T86810
8347,dx_T86811
8348,dx_T86812
8349,dx_T86818
8350,dx_T86819
8351,dx_T86850
8352,dx_T86851
8353,dx_T86852
8354,dx_T86858
8355,dx_T86859
8356,dx_T86890
8357,dx_T86891
8358,dx_T86892
8359,dx_T86898
8360,dx_T86899
8361,dx_T8690
8362,dx_T8691
8363,dx_T8692
8364,dx_T8699
8365,dx_U099
8366,dx_W65XXXS
8367,dx_W67XXXS
8368,dx_W69XXXS
8369,dx_W73XXXS
8370,dx_W74XXXS
8371,dx_X929XXS
8372,dx_Y218XXS
8373,dx_Y219XXS
8374,dx_Y831
8375,dx_Y833
8376,dx_Z21
8377,dx_Z430
8378,dx_Z431
8379,dx_Z432
8380,dx_Z433
8381,dx_Z434
8382,dx_Z435
8383,dx_Z436
8384,dx_Z437
8385,dx_Z44001
8386,dx_Z44101
8387,dx_Z44102
8388,dx_Z44111
8389,dx_Z44112
8390,dx_Z44121
8391,dx_Z44122
8392,dx_Z44129
8393,dx_Z45010
8394,dx_Z45018
8395,dx_Z4502
8396,dx_Z4509
8397,dx_Z4531
8398,dx_Z45328
8399,dx_Z4541
8400,dx_Z4542
8401,dx_Z4549
8402,dx_Z461
8403,dx_Z462
8404,dx_Z4651
8405,dx_Z4659
8406,dx_Z4681
8407,dx_Z490
8408,dx_Z4901
8409,dx_Z4902
8410,dx_Z4931
8411,dx_Z4932
8412,dx_Z6830
8413,dx_Z6831
8414,dx_Z6832
8415,dx_Z6833
8416,dx_Z6834
8417,dx_Z6835
8418,dx_Z6836
8419,dx_Z6837
8420,dx_Z6838
8421,dx_Z6839
8422,dx_Z6841
8423,dx_Z6842
8424,dx_Z6843
8425,dx_Z6844
8426,dx_Z6845
8427,dx_Z6851
8428,dx_Z6852
8429,dx_Z6853
8430,dx_Z6854
8431,dx_Z6855
8432,dx_Z6856
8433,dx_Z794
8434,dx_Z8761
8435,dx_Z87730
8436,dx_Z87731
8437,dx_Z87732
8438,dx_Z87760
8439,dx_Z87761
8440,dx_Z87762
8441,dx_Z87820
8442,dx_Z902
8443,dx_Z903
8444,dx_Z9049
8445,dx_Z905
8446,dx_Z906
8447,dx_Z9115
8448,dx_Z91158
8449,dx_Z9221
8450,dx_Z9225
8451,dx_Z923
8452,dx_Z930
8453,dx_Z931
8454,dx_Z932
8455,dx_Z933
8456,dx_Z934
8457,dx_Z9350
8458,dx_Z9351
8459,dx_Z9352
8460,dx_Z9359
8461,dx_Z936
8462,dx_Z940
8463,dx_Z941
8464,dx_Z942
8465,dx_Z943
8466,dx_Z944
8467,dx_Z9481
8468,dx_Z9482
8469,dx_Z9483
8470,dx_Z9484
8471,dx_Z950
8472,dx_Z950---
8473,dx_Z951
8474,dx_Z952
8475,dx_Z953
8476,dx_Z954
8477,dx_Z9581
8478,dx_Z95810
8479,dx_Z95811
8480,dx_Z95812
8481,dx_Z95818
8482,dx_Z9582
8483,dx_Z95820
8484,dx_Z95828
8485,dx_Z959
8486,dx_Z9641
8487,dx_Z9682
8488,dx_Z980
8489,dx_Z982
8490,dx_Z990
8491,dx_Z9911
8492,dx_Z9912
8493,dx_Z992
8494,dx_Z9981
